order_id,customer_id,order_status,order_date,required_date,shipped_date,store_id,staff_id,shipping_status
1,259,4,2016-01-01,2016-01-03,2016-01-03,1,2,Shipped
2,1212,4,2016-01-01,2016-01-04,2016-01-03,2,6,Shipped
3,523,4,2016-01-02,2016-01-05,2016-01-03,2,7,Shipped
4,175,4,2016-01-03,2016-01-04,2016-01-05,1,3,Shipped
5,1324,4,2016-01-03,2016-01-06,2016-01-06,2,6,Shipped
6,94,4,2016-01-04,2016-01-07,2016-01-05,2,6,Shipped
7,324,4,2016-01-04,2016-01-07,2016-01-05,2,6,Shipped
8,1204,4,2016-01-04,2016-01-05,2016-01-05,2,7,Shipped
9,60,4,2016-01-05,2016-01-08,2016-01-08,1,2,Shipped
10,442,4,2016-01-05,2016-01-06,2016-01-06,2,6,Shipped
11,1326,4,2016-01-05,2016-01-08,2016-01-07,2,7,Shipped
12,91,4,2016-01-06,2016-01-08,2016-01-09,1,2,Shipped
13,873,4,2016-01-08,2016-01-11,2016-01-11,2,6,Shipped
14,258,4,2016-01-09,2016-01-11,2016-01-12,1,3,Shipped
15,450,4,2016-01-09,2016-01-10,2016-01-12,2,7,Shipped
16,552,4,2016-01-12,2016-01-15,2016-01-15,1,3,Shipped
17,1175,4,2016-01-12,2016-01-14,2016-01-14,1,3,Shipped
18,541,4,2016-01-14,2016-01-17,2016-01-15,1,3,Shipped
19,696,4,2016-01-14,2016-01-17,2016-01-16,1,2,Shipped
20,923,4,2016-01-14,2016-01-16,2016-01-17,1,2,Shipped
21,1250,4,2016-01-15,2016-01-16,2016-01-18,2,6,Shipped
22,1035,4,2016-01-16,2016-01-18,2016-01-17,1,2,Shipped
23,1149,4,2016-01-16,2016-01-19,2016-01-19,1,2,Shipped
24,636,4,2016-01-18,2016-01-20,2016-01-19,2,7,Shipped
25,657,4,2016-01-18,2016-01-21,2016-01-21,2,6,Shipped
26,1280,4,2016-01-18,2016-01-21,2016-01-19,2,7,Shipped
27,57,4,2016-01-19,2016-01-21,2016-01-20,2,7,Shipped
28,252,4,2016-01-19,2016-01-20,2016-01-21,2,6,Shipped
29,437,4,2016-01-20,2016-01-22,2016-01-21,2,6,Shipped
30,1348,4,2016-01-20,2016-01-21,2016-01-21,2,6,Shipped
31,1238,4,2016-01-20,2016-01-22,2016-01-22,3,8,Shipped
32,1259,4,2016-01-21,2016-01-24,2016-01-22,1,3,Shipped
33,236,4,2016-01-21,2016-01-22,2016-01-22,2,6,Shipped
34,80,4,2016-01-22,2016-01-25,2016-01-23,2,6,Shipped
35,813,4,2016-01-22,2016-01-25,2016-01-24,2,7,Shipped
36,1321,4,2016-01-23,2016-01-24,2016-01-24,2,6,Shipped
37,164,4,2016-01-25,2016-01-28,2016-01-26,2,6,Shipped
38,583,4,2016-01-25,2016-01-27,2016-01-26,2,7,Shipped
39,1296,4,2016-01-25,2016-01-26,2016-01-26,2,7,Shipped
40,348,4,2016-01-27,2016-01-28,2016-01-29,1,3,Shipped
41,979,4,2016-01-27,2016-01-30,2016-01-29,2,6,Shipped
42,1095,4,2016-01-27,2016-01-28,2016-01-30,2,7,Shipped
43,1434,4,2016-01-27,2016-01-28,2016-01-30,2,7,Shipped
44,861,4,2016-01-28,2016-01-31,2016-01-30,2,7,Shipped
45,1220,4,2016-01-28,2016-01-31,2016-01-31,2,7,Shipped
46,746,4,2016-01-29,2016-01-31,2016-01-31,2,7,Shipped
47,1234,4,2016-01-29,2016-01-30,2016-01-31,2,7,Shipped
48,1012,4,2016-01-30,2016-02-01,2016-02-02,2,7,Shipped
49,608,4,2016-01-31,2016-02-01,2016-02-02,2,6,Shipped
50,872,4,2016-01-31,2016-02-03,2016-02-02,3,8,Shipped
51,1047,4,2016-02-01,2016-02-02,2016-02-03,2,7,Shipped
52,767,4,2016-02-03,2016-02-04,2016-02-05,1,2,Shipped
53,965,4,2016-02-03,2016-02-04,2016-02-05,2,6,Shipped
54,535,4,2016-02-04,2016-02-07,2016-02-07,2,7,Shipped
55,1173,4,2016-02-04,2016-02-07,2016-02-06,2,6,Shipped
56,1241,4,2016-02-04,2016-02-06,2016-02-07,2,6,Shipped
57,1305,4,2016-02-04,2016-02-06,2016-02-06,2,7,Shipped
58,504,4,2016-02-05,2016-02-07,2016-02-07,2,6,Shipped
59,563,4,2016-02-05,2016-02-07,2016-02-06,2,7,Shipped
60,151,4,2016-02-06,2016-02-08,2016-02-07,1,3,Shipped
61,277,4,2016-02-06,2016-02-09,2016-02-09,2,7,Shipped
62,208,4,2016-02-07,2016-02-10,2016-02-10,1,2,Shipped
63,1075,4,2016-02-07,2016-02-09,2016-02-09,2,7,Shipped
64,1185,4,2016-02-07,2016-02-08,2016-02-09,2,6,Shipped
65,996,4,2016-02-08,2016-02-09,2016-02-11,2,6,Shipped
66,1253,4,2016-02-09,2016-02-12,2016-02-12,2,7,Shipped
67,526,4,2016-02-09,2016-02-11,2016-02-10,3,8,Shipped
68,381,4,2016-02-10,2016-02-11,2016-02-13,2,6,Shipped
69,1413,4,2016-02-10,2016-02-12,2016-02-11,2,7,Shipped
70,50,3,2016-02-11,2016-02-11,,3,9,Pending
71,797,4,2016-02-11,2016-02-14,2016-02-12,2,7,Shipped
72,1386,4,2016-02-12,2016-02-15,2016-02-13,1,2,Shipped
73,612,4,2016-02-12,2016-02-15,2016-02-14,2,7,Shipped
74,264,4,2016-02-13,2016-02-15,2016-02-15,2,7,Shipped
75,587,4,2016-02-14,2016-02-15,2016-02-17,2,6,Shipped
76,9,3,2016-02-16,2016-02-16,,2,6,Pending
77,385,4,2016-02-16,2016-02-19,2016-02-19,1,2,Shipped
78,1182,4,2016-02-16,2016-02-18,2016-02-19,2,7,Shipped
79,529,4,2016-02-17,2016-02-20,2016-02-20,1,3,Shipped
80,397,4,2016-02-17,2016-02-20,2016-02-19,2,6,Shipped
81,521,4,2016-02-17,2016-02-19,2016-02-18,2,6,Shipped
82,1223,4,2016-02-18,2016-02-21,2016-02-20,2,6,Shipped
83,393,4,2016-02-19,2016-02-20,2016-02-20,1,3,Shipped
84,317,4,2016-02-20,2016-02-22,2016-02-21,2,7,Shipped
85,1174,4,2016-02-20,2016-02-23,2016-02-21,2,7,Shipped
86,276,4,2016-02-21,2016-02-22,2016-02-23,2,7,Shipped
87,516,4,2016-02-21,2016-02-22,2016-02-23,2,6,Shipped
88,1069,4,2016-02-21,2016-02-22,2016-02-23,2,6,Shipped
89,668,4,2016-02-21,2016-02-24,2016-02-24,3,8,Shipped
90,414,4,2016-02-23,2016-02-25,2016-02-24,2,7,Shipped
91,648,4,2016-02-25,2016-02-27,2016-02-28,1,2,Shipped
92,1309,4,2016-02-25,2016-02-28,2016-02-28,2,7,Shipped
93,1328,4,2016-02-26,2016-02-28,2016-02-27,1,3,Shipped
94,929,4,2016-02-27,2016-02-28,2016-02-29,1,2,Shipped
95,218,4,2016-02-27,2016-02-29,2016-02-28,2,7,Shipped
96,1094,4,2016-02-27,2016-02-29,2016-02-28,2,7,Shipped
97,204,4,2016-02-28,2016-02-29,2016-03-01,2,7,Shipped
98,1194,4,2016-02-28,2016-02-29,2016-02-29,2,6,Shipped
99,1165,4,2016-02-29,2016-03-01,2016-03-03,3,9,Shipped
100,1237,4,2016-03-01,2016-03-04,2016-03-03,2,7,Shipped
101,271,4,2016-03-01,2016-03-04,2016-03-04,3,8,Shipped
102,336,4,2016-03-02,2016-03-05,2016-03-03,2,7,Shipped
103,991,4,2016-03-03,2016-03-06,2016-03-05,1,2,Shipped
104,7,4,2016-03-03,2016-03-05,2016-03-05,2,7,Shipped
105,306,4,2016-03-03,2016-03-05,2016-03-04,2,7,Shipped
106,422,4,2016-03-04,2016-03-05,2016-03-05,3,9,Shipped
107,633,4,2016-03-06,2016-03-09,2016-03-09,1,2,Shipped
108,12,4,2016-03-06,2016-03-09,2016-03-07,2,6,Shipped
109,1255,4,2016-03-06,2016-03-09,2016-03-09,2,6,Shipped
110,677,4,2016-03-06,2016-03-08,2016-03-09,3,9,Shipped
111,630,4,2016-03-07,2016-03-10,2016-03-10,2,6,Shipped
112,469,4,2016-03-08,2016-03-11,2016-03-10,2,6,Shipped
113,1078,4,2016-03-08,2016-03-11,2016-03-11,2,6,Shipped
114,1431,4,2016-03-08,2016-03-10,2016-03-11,2,7,Shipped
115,1369,4,2016-03-09,2016-03-11,2016-03-11,2,7,Shipped
116,471,4,2016-03-10,2016-03-11,2016-03-11,2,7,Shipped
117,740,4,2016-03-10,2016-03-13,2016-03-11,2,6,Shipped
118,577,4,2016-03-12,2016-03-14,2016-03-13,1,2,Shipped
119,925,4,2016-03-12,2016-03-14,2016-03-14,2,7,Shipped
120,327,4,2016-03-14,2016-03-15,2016-03-17,2,7,Shipped
121,755,4,2016-03-14,2016-03-15,2016-03-16,2,6,Shipped
122,786,4,2016-03-14,2016-03-16,2016-03-15,2,6,Shipped
123,766,4,2016-03-15,2016-03-18,2016-03-17,2,6,Shipped
124,403,4,2016-03-16,2016-03-18,2016-03-17,1,3,Shipped
125,685,4,2016-03-16,2016-03-19,2016-03-17,2,6,Shipped
126,1365,4,2016-03-16,2016-03-18,2016-03-18,2,7,Shipped
127,484,4,2016-03-17,2016-03-18,2016-03-19,3,8,Shipped
128,86,4,2016-03-18,2016-03-20,2016-03-21,2,6,Shipped
129,84,4,2016-03-19,2016-03-21,2016-03-21,2,7,Shipped
130,1049,4,2016-03-19,2016-03-22,2016-03-20,2,6,Shipped
131,316,4,2016-03-19,2016-03-22,2016-03-20,3,8,Shipped
132,46,4,2016-03-20,2016-03-22,2016-03-23,1,3,Shipped
133,409,4,2016-03-20,2016-03-22,2016-03-21,2,7,Shipped
134,679,4,2016-03-20,2016-03-21,2016-03-21,2,7,Shipped
135,1354,4,2016-03-21,2016-03-23,2016-03-23,2,7,Shipped
136,1192,4,2016-03-21,2016-03-24,2016-03-23,3,8,Shipped
137,370,4,2016-03-23,2016-03-26,2016-03-25,2,7,Shipped
138,438,4,2016-03-23,2016-03-24,2016-03-25,2,7,Shipped
139,710,4,2016-03-23,2016-03-24,2016-03-26,2,7,Shipped
140,1264,4,2016-03-23,2016-03-26,2016-03-26,2,7,Shipped
141,557,4,2016-03-25,2016-03-27,2016-03-26,2,7,Shipped
142,170,4,2016-03-26,2016-03-27,2016-03-27,1,3,Shipped
143,693,4,2016-03-26,2016-03-28,2016-03-28,2,7,Shipped
144,1124,4,2016-03-26,2016-03-29,2016-03-29,2,7,Shipped
145,366,4,2016-03-27,2016-03-29,2016-03-30,2,6,Shipped
146,288,4,2016-03-28,2016-03-30,2016-03-30,1,3,Shipped
147,55,4,2016-03-28,2016-03-31,2016-03-31,2,7,Shipped
148,714,4,2016-03-28,2016-03-30,2016-03-30,2,6,Shipped
149,763,4,2016-03-28,2016-03-30,2016-03-29,2,6,Shipped
150,332,4,2016-03-29,2016-03-31,2016-04-01,1,2,Shipped
151,926,4,2016-03-29,2016-04-01,2016-03-31,1,2,Shipped
152,76,4,2016-03-29,2016-03-30,2016-03-30,2,6,Shipped
153,498,4,2016-03-30,2016-04-02,2016-04-01,2,6,Shipped
154,1286,4,2016-03-31,2016-04-01,2016-04-01,1,2,Shipped
155,371,4,2016-04-02,2016-04-03,2016-04-04,2,6,Shipped
156,357,4,2016-04-03,2016-04-06,2016-04-05,1,3,Shipped
157,43,4,2016-04-03,2016-04-06,2016-04-06,3,8,Shipped
158,117,3,2016-04-04,2016-04-04,,3,9,Pending
159,32,4,2016-04-04,2016-04-06,2016-04-06,1,2,Shipped
160,205,4,2016-04-04,2016-04-06,2016-04-06,2,7,Shipped
161,251,4,2016-04-04,2016-04-07,2016-04-05,2,7,Shipped
162,31,4,2016-04-06,2016-04-08,2016-04-07,1,3,Shipped
163,1325,4,2016-04-06,2016-04-07,2016-04-07,2,7,Shipped
164,610,4,2016-04-07,2016-04-08,2016-04-09,2,7,Shipped
165,574,4,2016-04-08,2016-04-10,2016-04-10,1,3,Shipped
166,338,4,2016-04-08,2016-04-11,2016-04-11,2,6,Shipped
167,1034,4,2016-04-08,2016-04-09,2016-04-11,2,7,Shipped
168,1147,4,2016-04-09,2016-04-12,2016-04-11,1,3,Shipped
169,99,4,2016-04-10,2016-04-11,2016-04-11,2,7,Shipped
170,1200,4,2016-04-10,2016-04-11,2016-04-13,2,7,Shipped
171,237,4,2016-04-11,2016-04-14,2016-04-14,1,3,Shipped
172,1079,4,2016-04-11,2016-04-12,2016-04-14,2,7,Shipped
173,117,4,2016-04-11,2016-04-14,2016-04-13,3,8,Shipped
174,1361,4,2016-04-12,2016-04-13,2016-04-15,2,7,Shipped
175,951,4,2016-04-13,2016-04-14,2016-04-14,2,6,Shipped
176,643,4,2016-04-15,2016-04-16,2016-04-17,2,7,Shipped
177,121,4,2016-04-16,2016-04-19,2016-04-19,1,2,Shipped
178,756,4,2016-04-16,2016-04-17,2016-04-18,2,6,Shipped
179,616,4,2016-04-17,2016-04-19,2016-04-19,2,6,Shipped
180,918,4,2016-04-17,2016-04-20,2016-04-19,2,7,Shipped
181,459,4,2016-04-18,2016-04-20,2016-04-20,1,3,Shipped
182,854,4,2016-04-18,2016-04-19,2016-04-20,2,6,Shipped
183,22,4,2016-04-19,2016-04-20,2016-04-20,2,7,Shipped
184,134,4,2016-04-19,2016-04-21,2016-04-22,2,7,Shipped
185,24,3,2016-04-20,2016-04-20,,1,2,Pending
186,1127,4,2016-04-21,2016-04-22,2016-04-24,2,6,Shipped
187,183,4,2016-04-22,2016-04-23,2016-04-24,2,6,Shipped
188,390,4,2016-04-22,2016-04-23,2016-04-25,2,6,Shipped
189,1288,4,2016-04-23,2016-04-24,2016-04-26,1,2,Shipped
190,98,4,2016-04-23,2016-04-25,2016-04-25,2,6,Shipped
191,919,4,2016-04-27,2016-04-28,2016-04-28,1,2,Shipped
192,728,4,2016-04-27,2016-04-28,2016-04-29,2,7,Shipped
193,1366,4,2016-04-28,2016-04-30,2016-04-30,1,3,Shipped
194,558,4,2016-04-28,2016-04-30,2016-05-01,2,7,Shipped
195,727,4,2016-04-28,2016-05-01,2016-05-01,2,7,Shipped
196,1247,4,2016-04-28,2016-04-30,2016-05-01,2,6,Shipped
197,127,4,2016-04-30,2016-05-03,2016-05-03,2,7,Shipped
198,640,4,2016-05-01,2016-05-04,2016-05-03,2,6,Shipped
199,760,4,2016-05-01,2016-05-04,2016-05-04,2,7,Shipped
200,1074,4,2016-05-01,2016-05-03,2016-05-03,2,6,Shipped
201,280,4,2016-05-01,2016-05-04,2016-05-02,3,9,Shipped
202,600,4,2016-05-03,2016-05-05,2016-05-04,1,2,Shipped
203,1102,4,2016-05-03,2016-05-05,2016-05-06,3,9,Shipped
204,591,4,2016-05-04,2016-05-07,2016-05-06,2,7,Shipped
205,635,4,2016-05-04,2016-05-05,2016-05-06,2,6,Shipped
206,743,4,2016-05-04,2016-05-06,2016-05-05,3,9,Shipped
207,105,4,2016-05-05,2016-05-07,2016-05-07,2,7,Shipped
208,815,4,2016-05-06,2016-05-07,2016-05-09,2,7,Shipped
209,514,4,2016-05-07,2016-05-08,2016-05-08,2,6,Shipped
210,943,4,2016-05-07,2016-05-08,2016-05-09,2,6,Shipped
211,1140,4,2016-05-07,2016-05-09,2016-05-08,2,6,Shipped
212,1373,4,2016-05-08,2016-05-09,2016-05-11,2,6,Shipped
213,788,4,2016-05-08,2016-05-09,2016-05-09,3,8,Shipped
214,363,4,2016-05-10,2016-05-12,2016-05-11,2,6,Shipped
215,1420,4,2016-05-10,2016-05-13,2016-05-12,2,7,Shipped
216,267,4,2016-05-11,2016-05-14,2016-05-13,1,3,Shipped
217,716,4,2016-05-11,2016-05-12,2016-05-14,2,7,Shipped
218,1179,4,2016-05-12,2016-05-14,2016-05-14,2,7,Shipped
219,1338,4,2016-05-12,2016-05-15,2016-05-15,2,6,Shipped
220,1358,4,2016-05-12,2016-05-14,2016-05-15,2,6,Shipped
221,1218,4,2016-05-13,2016-05-16,2016-05-14,1,2,Shipped
222,51,4,2016-05-13,2016-05-16,2016-05-14,2,6,Shipped
223,1368,4,2016-05-15,2016-05-16,2016-05-17,2,7,Shipped
224,157,4,2016-05-17,2016-05-18,2016-05-19,1,3,Shipped
225,307,4,2016-05-17,2016-05-20,2016-05-19,1,3,Shipped
226,501,4,2016-05-17,2016-05-19,2016-05-20,1,2,Shipped
227,489,4,2016-05-17,2016-05-18,2016-05-20,2,7,Shipped
228,615,4,2016-05-17,2016-05-20,2016-05-20,2,7,Shipped
229,742,4,2016-05-19,2016-05-21,2016-05-20,2,6,Shipped
230,1167,4,2016-05-19,2016-05-20,2016-05-21,2,6,Shipped
231,1257,4,2016-05-19,2016-05-22,2016-05-21,2,6,Shipped
232,1360,4,2016-05-20,2016-05-23,2016-05-23,1,3,Shipped
233,737,4,2016-05-21,2016-05-22,2016-05-24,2,6,Shipped
234,1435,4,2016-05-22,2016-05-24,2016-05-24,2,6,Shipped
235,649,4,2016-05-24,2016-05-25,2016-05-25,2,6,Shipped
236,206,4,2016-05-25,2016-05-27,2016-05-26,2,6,Shipped
237,1351,4,2016-05-25,2016-05-26,2016-05-27,2,7,Shipped
238,1350,4,2016-05-26,2016-05-29,2016-05-29,2,6,Shipped
239,13,3,2016-05-27,2016-05-27,,3,9,Pending
240,65,4,2016-05-27,2016-05-29,2016-05-30,2,6,Shipped
241,1082,4,2016-05-27,2016-05-29,2016-05-29,2,7,Shipped
242,1168,4,2016-05-27,2016-05-30,2016-05-30,2,7,Shipped
243,802,4,2016-05-27,2016-05-30,2016-05-28,3,8,Shipped
244,956,4,2016-05-28,2016-05-29,2016-05-29,2,6,Shipped
245,223,4,2016-05-29,2016-05-31,2016-05-30,2,7,Shipped
246,17,3,2016-05-30,2016-05-30,,2,6,Pending
247,928,4,2016-05-30,2016-06-01,2016-06-01,1,3,Shipped
248,1376,4,2016-05-30,2016-06-01,2016-05-31,2,7,Shipped
249,145,4,2016-06-01,2016-06-04,2016-06-04,2,6,Shipped
250,150,4,2016-06-01,2016-06-02,2016-06-04,2,7,Shipped
251,851,4,2016-06-01,2016-06-04,2016-06-04,2,7,Shipped
252,66,4,2016-06-01,2016-06-04,2016-06-02,3,8,Shipped
253,1267,4,2016-06-02,2016-06-05,2016-06-05,2,6,Shipped
254,510,4,2016-06-03,2016-06-06,2016-06-05,2,7,Shipped
255,801,4,2016-06-03,2016-06-06,2016-06-05,2,7,Shipped
256,26,4,2016-06-04,2016-06-05,2016-06-07,2,7,Shipped
257,1314,4,2016-06-05,2016-06-06,2016-06-08,1,3,Shipped
258,107,4,2016-06-06,2016-06-07,2016-06-07,2,7,Shipped
259,413,4,2016-06-06,2016-06-09,2016-06-09,2,7,Shipped
260,632,4,2016-06-06,2016-06-08,2016-06-08,2,6,Shipped
261,1045,4,2016-06-08,2016-06-10,2016-06-09,1,2,Shipped
262,579,4,2016-06-08,2016-06-11,2016-06-10,3,9,Shipped
263,1322,4,2016-06-09,2016-06-10,2016-06-12,2,6,Shipped
264,5,3,2016-06-10,2016-06-10,,1,3,Pending
265,682,4,2016-06-10,2016-06-12,2016-06-11,2,7,Shipped
266,933,4,2016-06-10,2016-06-13,2016-06-13,2,7,Shipped
267,282,4,2016-06-11,2016-06-14,2016-06-14,1,3,Shipped
268,540,4,2016-06-11,2016-06-14,2016-06-12,1,3,Shipped
269,764,4,2016-06-12,2016-06-13,2016-06-15,2,6,Shipped
270,879,4,2016-06-12,2016-06-15,2016-06-13,2,7,Shipped
271,350,4,2016-06-13,2016-06-16,2016-06-14,2,7,Shipped
272,497,4,2016-06-15,2016-06-18,2016-06-16,2,7,Shipped
273,1340,4,2016-06-16,2016-06-19,2016-06-17,2,7,Shipped
274,411,4,2016-06-17,2016-06-20,2016-06-18,2,7,Shipped
275,1341,4,2016-06-17,2016-06-19,2016-06-18,2,7,Shipped
276,1227,4,2016-06-18,2016-06-19,2016-06-19,2,6,Shipped
277,546,4,2016-06-19,2016-06-20,2016-06-20,2,7,Shipped
278,1301,4,2016-06-20,2016-06-23,2016-06-21,1,3,Shipped
279,378,4,2016-06-21,2016-06-22,2016-06-22,2,6,Shipped
280,638,4,2016-06-21,2016-06-22,2016-06-23,2,7,Shipped
281,800,4,2016-06-21,2016-06-22,2016-06-23,2,7,Shipped
282,159,4,2016-06-22,2016-06-25,2016-06-25,3,9,Shipped
283,181,4,2016-06-23,2016-06-26,2016-06-26,1,2,Shipped
284,1356,4,2016-06-23,2016-06-25,2016-06-25,2,7,Shipped
285,319,4,2016-06-25,2016-06-26,2016-06-27,1,2,Shipped
286,59,4,2016-06-25,2016-06-26,2016-06-26,2,6,Shipped
287,133,4,2016-06-25,2016-06-26,2016-06-27,2,6,Shipped
288,780,4,2016-06-25,2016-06-28,2016-06-28,2,6,Shipped
289,849,4,2016-06-27,2016-06-28,2016-06-30,2,6,Shipped
290,202,4,2016-06-28,2016-06-29,2016-06-30,2,6,Shipped
291,158,4,2016-06-29,2016-06-30,2016-07-01,2,6,Shipped
292,360,4,2016-06-29,2016-06-30,2016-07-02,3,9,Shipped
293,573,4,2016-06-30,2016-07-03,2016-07-02,2,7,Shipped
294,732,4,2016-07-01,2016-07-02,2016-07-02,2,7,Shipped
295,1130,4,2016-07-01,2016-07-04,2016-07-04,2,7,Shipped
296,1245,4,2016-07-04,2016-07-07,2016-07-06,2,6,Shipped
297,1425,4,2016-07-04,2016-07-05,2016-07-06,2,7,Shipped
298,885,4,2016-07-04,2016-07-07,2016-07-07,3,9,Shipped
299,281,4,2016-07-05,2016-07-06,2016-07-07,2,6,Shipped
300,1205,4,2016-07-05,2016-07-08,2016-07-08,2,6,Shipped
301,17,4,2016-07-06,2016-07-09,2016-07-08,2,6,Shipped
302,1375,4,2016-07-06,2016-07-07,2016-07-09,2,6,Shipped
303,36,4,2016-07-07,2016-07-08,2016-07-09,2,7,Shipped
304,230,4,2016-07-07,2016-07-08,2016-07-08,2,6,Shipped
305,705,4,2016-07-07,2016-07-08,2016-07-08,2,7,Shipped
306,424,4,2016-07-09,2016-07-10,2016-07-12,2,7,Shipped
307,695,4,2016-07-09,2016-07-11,2016-07-11,2,6,Shipped
308,156,4,2016-07-11,2016-07-12,2016-07-14,2,6,Shipped
309,211,4,2016-07-11,2016-07-13,2016-07-13,2,6,Shipped
310,627,4,2016-07-12,2016-07-13,2016-07-13,1,2,Shipped
311,1400,4,2016-07-12,2016-07-14,2016-07-13,2,6,Shipped
312,299,4,2016-07-13,2016-07-15,2016-07-16,2,6,Shipped
313,565,4,2016-07-14,2016-07-15,2016-07-15,3,9,Shipped
314,1019,4,2016-07-15,2016-07-17,2016-07-17,2,7,Shipped
315,1263,4,2016-07-16,2016-07-19,2016-07-17,2,6,Shipped
316,670,4,2016-07-17,2016-07-20,2016-07-19,2,7,Shipped
317,795,4,2016-07-17,2016-07-20,2016-07-19,2,7,Shipped
318,1141,4,2016-07-17,2016-07-19,2016-07-20,2,7,Shipped
319,941,4,2016-07-18,2016-07-21,2016-07-21,2,6,Shipped
320,1428,4,2016-07-19,2016-07-20,2016-07-21,1,2,Shipped
321,568,4,2016-07-19,2016-07-22,2016-07-21,2,6,Shipped
322,924,4,2016-07-19,2016-07-22,2016-07-20,2,6,Shipped
323,1243,4,2016-07-19,2016-07-22,2016-07-21,2,6,Shipped
324,480,4,2016-07-20,2016-07-22,2016-07-23,2,6,Shipped
325,848,4,2016-07-20,2016-07-21,2016-07-21,2,6,Shipped
326,1337,4,2016-07-20,2016-07-21,2016-07-22,3,9,Shipped
327,83,4,2016-07-21,2016-07-24,2016-07-22,2,6,Shipped
328,528,4,2016-07-23,2016-07-26,2016-07-25,2,6,Shipped
329,274,4,2016-07-24,2016-07-27,2016-07-26,2,6,Shipped
330,622,4,2016-07-24,2016-07-27,2016-07-27,2,6,Shipped
331,642,4,2016-07-24,2016-07-26,2016-07-25,2,6,Shipped
332,659,4,2016-07-24,2016-07-26,2016-07-26,2,7,Shipped
333,779,4,2016-07-25,2016-07-27,2016-07-26,2,6,Shipped
334,1112,4,2016-07-25,2016-07-28,2016-07-27,2,7,Shipped
335,1193,4,2016-07-25,2016-07-27,2016-07-26,2,6,Shipped
336,1030,4,2016-07-26,2016-07-29,2016-07-27,2,7,Shipped
337,1252,4,2016-07-26,2016-07-27,2016-07-28,2,7,Shipped
338,1333,4,2016-07-28,2016-07-29,2016-07-30,1,3,Shipped
339,1110,4,2016-07-28,2016-07-31,2016-07-29,2,7,Shipped
340,963,4,2016-07-29,2016-07-30,2016-07-31,2,7,Shipped
341,1357,4,2016-07-31,2016-08-03,2016-08-01,1,3,Shipped
342,806,4,2016-07-31,2016-08-01,2016-08-03,2,7,Shipped
343,961,4,2016-07-31,2016-08-02,2016-08-01,2,7,Shipped
344,750,4,2016-08-01,2016-08-03,2016-08-02,2,6,Shipped
345,1299,4,2016-08-01,2016-08-04,2016-08-03,2,6,Shipped
346,584,4,2016-08-01,2016-08-03,2016-08-02,3,9,Shipped
347,1004,4,2016-08-02,2016-08-03,2016-08-05,2,6,Shipped
348,907,4,2016-08-02,2016-08-05,2016-08-04,3,9,Shipped
349,30,3,2016-08-03,2016-08-03,,1,3,Pending
350,31,3,2016-08-03,2016-08-03,,1,3,Pending
351,1307,4,2016-08-03,2016-08-06,2016-08-04,1,2,Shipped
352,16,4,2016-08-03,2016-08-04,2016-08-06,2,7,Shipped
353,1387,4,2016-08-03,2016-08-06,2016-08-06,2,7,Shipped
354,551,4,2016-08-03,2016-08-05,2016-08-06,3,8,Shipped
355,1011,4,2016-08-03,2016-08-05,2016-08-05,3,8,Shipped
356,1189,4,2016-08-04,2016-08-07,2016-08-06,2,6,Shipped
357,14,3,2016-08-05,2016-08-05,,3,8,Pending
358,1042,4,2016-08-05,2016-08-07,2016-08-07,2,7,Shipped
359,441,4,2016-08-07,2016-08-10,2016-08-10,2,7,Shipped
360,1300,4,2016-08-07,2016-08-09,2016-08-10,2,6,Shipped
361,994,4,2016-08-08,2016-08-09,2016-08-11,2,6,Shipped
362,187,4,2016-08-09,2016-08-11,2016-08-11,1,2,Shipped
363,834,4,2016-08-11,2016-08-12,2016-08-13,3,8,Shipped
364,373,4,2016-08-12,2016-08-14,2016-08-13,2,6,Shipped
365,981,4,2016-08-13,2016-08-14,2016-08-15,2,6,Shipped
366,1054,4,2016-08-13,2016-08-14,2016-08-14,3,9,Shipped
367,527,4,2016-08-14,2016-08-15,2016-08-15,2,7,Shipped
368,995,4,2016-08-14,2016-08-15,2016-08-17,2,7,Shipped
369,1285,4,2016-08-15,2016-08-18,2016-08-18,1,3,Shipped
370,758,4,2016-08-15,2016-08-18,2016-08-18,2,7,Shipped
371,891,4,2016-08-15,2016-08-16,2016-08-18,2,7,Shipped
372,132,4,2016-08-16,2016-08-18,2016-08-18,2,6,Shipped
373,337,4,2016-08-16,2016-08-19,2016-08-17,2,7,Shipped
374,1313,4,2016-08-17,2016-08-19,2016-08-18,1,2,Shipped
375,536,4,2016-08-17,2016-08-20,2016-08-20,2,7,Shipped
376,825,4,2016-08-17,2016-08-19,2016-08-18,2,6,Shipped
377,1355,4,2016-08-17,2016-08-19,2016-08-20,2,6,Shipped
378,475,4,2016-08-17,2016-08-20,2016-08-20,3,9,Shipped
379,954,4,2016-08-18,2016-08-21,2016-08-21,2,7,Shipped
380,1156,4,2016-08-19,2016-08-20,2016-08-21,2,7,Shipped
381,1297,4,2016-08-19,2016-08-21,2016-08-21,2,7,Shipped
382,199,4,2016-08-20,2016-08-23,2016-08-23,2,6,Shipped
383,331,4,2016-08-20,2016-08-23,2016-08-22,2,7,Shipped
384,410,4,2016-08-20,2016-08-22,2016-08-23,2,7,Shipped
385,1274,4,2016-08-20,2016-08-23,2016-08-22,2,7,Shipped
386,1362,4,2016-08-20,2016-08-23,2016-08-23,2,6,Shipped
387,451,4,2016-08-20,2016-08-21,2016-08-21,3,8,Shipped
388,1080,4,2016-08-21,2016-08-24,2016-08-23,3,8,Shipped
389,53,4,2016-08-22,2016-08-24,2016-08-25,1,3,Shipped
390,576,4,2016-08-22,2016-08-24,2016-08-25,3,9,Shipped
391,61,3,2016-08-23,2016-08-23,,3,9,Pending
392,176,4,2016-08-23,2016-08-26,2016-08-24,1,3,Shipped
393,368,4,2016-08-25,2016-08-26,2016-08-27,2,6,Shipped
394,522,4,2016-08-26,2016-08-28,2016-08-29,1,3,Shipped
395,144,4,2016-08-26,2016-08-27,2016-08-29,2,6,Shipped
396,542,4,2016-08-27,2016-08-30,2016-08-29,2,6,Shipped
397,1437,4,2016-08-28,2016-08-31,2016-08-29,2,7,Shipped
398,447,4,2016-08-29,2016-08-30,2016-09-01,1,2,Shipped
399,1001,4,2016-08-29,2016-09-01,2016-09-01,2,7,Shipped
400,1295,4,2016-08-29,2016-08-30,2016-08-31,2,6,Shipped
401,103,4,2016-08-30,2016-09-02,2016-09-01,2,6,Shipped
402,1335,4,2016-08-30,2016-09-01,2016-08-31,2,6,Shipped
403,578,4,2016-08-31,2016-09-01,2016-09-02,1,3,Shipped
404,396,4,2016-08-31,2016-09-03,2016-09-01,2,7,Shipped
405,603,4,2016-08-31,2016-09-01,2016-09-01,2,6,Shipped
406,1380,4,2016-08-31,2016-09-02,2016-09-01,2,7,Shipped
407,77,3,2016-09-01,2016-09-01,,3,8,Pending
408,1071,4,2016-09-01,2016-09-02,2016-09-02,1,2,Shipped
409,416,4,2016-09-01,2016-09-04,2016-09-04,2,7,Shipped
410,1151,4,2016-09-01,2016-09-03,2016-09-02,2,6,Shipped
411,261,4,2016-09-02,2016-09-04,2016-09-04,1,3,Shipped
412,1202,4,2016-09-02,2016-09-04,2016-09-04,1,3,Shipped
413,717,4,2016-09-02,2016-09-05,2016-09-03,2,6,Shipped
414,917,4,2016-09-03,2016-09-06,2016-09-06,2,7,Shipped
415,1265,4,2016-09-03,2016-09-06,2016-09-06,2,7,Shipped
416,1377,4,2016-09-03,2016-09-04,2016-09-06,2,7,Shipped
417,359,4,2016-09-04,2016-09-05,2016-09-06,1,3,Shipped
418,88,4,2016-09-04,2016-09-05,2016-09-05,2,6,Shipped
419,14,4,2016-09-04,2016-09-07,2016-09-06,3,8,Shipped
420,72,4,2016-09-05,2016-09-06,2016-09-07,1,3,Shipped
421,240,4,2016-09-05,2016-09-06,2016-09-08,1,3,Shipped
422,398,4,2016-09-06,2016-09-07,2016-09-09,2,6,Shipped
423,1397,4,2016-09-06,2016-09-09,2016-09-09,2,7,Shipped
424,67,4,2016-09-08,2016-09-11,2016-09-11,1,3,Shipped
425,843,4,2016-09-08,2016-09-11,2016-09-11,2,6,Shipped
426,944,4,2016-09-08,2016-09-10,2016-09-10,2,6,Shipped
427,434,4,2016-09-09,2016-09-10,2016-09-11,1,2,Shipped
428,1039,4,2016-09-09,2016-09-12,2016-09-10,2,6,Shipped
429,153,4,2016-09-10,2016-09-12,2016-09-12,3,8,Shipped
430,272,4,2016-09-11,2016-09-13,2016-09-12,2,6,Shipped
431,1217,4,2016-09-11,2016-09-12,2016-09-12,2,6,Shipped
432,169,4,2016-09-12,2016-09-15,2016-09-14,1,2,Shipped
433,1062,4,2016-09-12,2016-09-15,2016-09-13,2,6,Shipped
434,726,4,2016-09-13,2016-09-15,2016-09-14,2,6,Shipped
435,77,4,2016-09-14,2016-09-15,2016-09-16,3,9,Shipped
436,791,4,2016-09-16,2016-09-19,2016-09-19,2,7,Shipped
437,1085,4,2016-09-16,2016-09-18,2016-09-18,2,7,Shipped
438,314,4,2016-09-16,2016-09-19,2016-09-18,3,8,Shipped
439,149,4,2016-09-17,2016-09-20,2016-09-18,2,6,Shipped
440,882,4,2016-09-17,2016-09-18,2016-09-19,2,7,Shipped
441,704,4,2016-09-18,2016-09-19,2016-09-19,1,2,Shipped
442,667,4,2016-09-18,2016-09-21,2016-09-21,2,7,Shipped
443,1371,4,2016-09-18,2016-09-19,2016-09-20,2,6,Shipped
444,30,4,2016-09-19,2016-09-20,2016-09-21,1,2,Shipped
445,362,4,2016-09-19,2016-09-22,2016-09-22,2,6,Shipped
446,399,4,2016-09-19,2016-09-21,2016-09-20,2,7,Shipped
447,808,4,2016-09-20,2016-09-23,2016-09-22,3,8,Shipped
448,101,4,2016-09-21,2016-09-22,2016-09-24,2,6,Shipped
449,492,4,2016-09-21,2016-09-24,2016-09-22,2,7,Shipped
450,575,4,2016-09-21,2016-09-24,2016-09-23,2,7,Shipped
451,1146,4,2016-09-21,2016-09-23,2016-09-22,2,7,Shipped
452,997,4,2016-09-22,2016-09-23,2016-09-24,2,7,Shipped
453,1028,4,2016-09-22,2016-09-24,2016-09-25,2,7,Shipped
454,988,4,2016-09-23,2016-09-25,2016-09-26,2,6,Shipped
455,1055,4,2016-09-23,2016-09-24,2016-09-24,2,7,Shipped
456,1061,4,2016-09-23,2016-09-26,2016-09-25,3,9,Shipped
457,1349,4,2016-09-24,2016-09-27,2016-09-27,1,3,Shipped
458,197,4,2016-09-25,2016-09-28,2016-09-26,2,6,Shipped
459,874,4,2016-09-25,2016-09-28,2016-09-26,2,6,Shipped
460,691,4,2016-09-25,2016-09-27,2016-09-26,3,8,Shipped
461,853,4,2016-09-26,2016-09-27,2016-09-27,2,7,Shipped
462,852,4,2016-09-27,2016-09-28,2016-09-29,2,6,Shipped
463,964,4,2016-09-27,2016-09-28,2016-09-28,3,8,Shipped
464,74,4,2016-09-28,2016-09-30,2016-09-29,2,7,Shipped
465,1198,4,2016-09-28,2016-10-01,2016-10-01,2,6,Shipped
466,1440,4,2016-09-28,2016-09-29,2016-10-01,2,7,Shipped
467,555,4,2016-09-28,2016-09-30,2016-09-30,3,8,Shipped
468,1261,4,2016-09-29,2016-10-02,2016-09-30,1,3,Shipped
469,1089,4,2016-09-29,2016-10-02,2016-10-02,2,7,Shipped
470,641,4,2016-09-30,2016-10-02,2016-10-02,1,3,Shipped
471,697,4,2016-09-30,2016-10-02,2016-10-01,1,3,Shipped
472,468,4,2016-09-30,2016-10-01,2016-10-01,2,7,Shipped
473,549,4,2016-09-30,2016-10-02,2016-10-03,2,7,Shipped
474,553,4,2016-10-01,2016-10-04,2016-10-04,1,3,Shipped
475,241,4,2016-10-01,2016-10-04,2016-10-03,2,7,Shipped
476,559,4,2016-10-01,2016-10-04,2016-10-02,2,6,Shipped
477,449,4,2016-10-02,2016-10-05,2016-10-04,1,2,Shipped
478,304,4,2016-10-02,2016-10-05,2016-10-03,2,7,Shipped
479,984,4,2016-10-03,2016-10-04,2016-10-04,2,6,Shipped
480,686,4,2016-10-04,2016-10-07,2016-10-05,1,3,Shipped
481,481,4,2016-10-04,2016-10-07,2016-10-06,3,9,Shipped
482,513,4,2016-10-05,2016-10-06,2016-10-06,2,6,Shipped
483,703,4,2016-10-06,2016-10-07,2016-10-09,1,2,Shipped
484,421,4,2016-10-06,2016-10-09,2016-10-07,2,7,Shipped
485,465,4,2016-10-06,2016-10-08,2016-10-07,2,7,Shipped
486,709,4,2016-10-06,2016-10-08,2016-10-09,2,7,Shipped
487,827,4,2016-10-06,2016-10-09,2016-10-09,2,6,Shipped
488,921,4,2016-10-06,2016-10-09,2016-10-08,2,6,Shipped
489,899,4,2016-10-06,2016-10-08,2016-10-08,3,8,Shipped
490,876,4,2016-10-07,2016-10-10,2016-10-09,2,6,Shipped
491,1048,4,2016-10-08,2016-10-10,2016-10-11,1,2,Shipped
492,191,4,2016-10-09,2016-10-10,2016-10-12,1,2,Shipped
493,796,4,2016-10-09,2016-10-12,2016-10-11,1,3,Shipped
494,875,4,2016-10-09,2016-10-10,2016-10-11,2,6,Shipped
495,712,4,2016-10-10,2016-10-12,2016-10-13,1,3,Shipped
496,193,4,2016-10-10,2016-10-12,2016-10-11,2,6,Shipped
497,785,4,2016-10-10,2016-10-11,2016-10-11,2,6,Shipped
498,1331,4,2016-10-10,2016-10-12,2016-10-11,2,6,Shipped
499,260,4,2016-10-11,2016-10-14,2016-10-13,1,2,Shipped
500,148,4,2016-10-11,2016-10-12,2016-10-13,2,6,Shipped
501,977,4,2016-10-11,2016-10-12,2016-10-13,2,7,Shipped
502,401,4,2016-10-12,2016-10-13,2016-10-13,3,9,Shipped
503,932,4,2016-10-13,2016-10-16,2016-10-14,2,6,Shipped
504,1381,4,2016-10-14,2016-10-15,2016-10-15,1,2,Shipped
505,721,4,2016-10-14,2016-10-16,2016-10-17,2,6,Shipped
506,831,4,2016-10-14,2016-10-16,2016-10-16,2,6,Shipped
507,1378,4,2016-10-15,2016-10-17,2016-10-17,1,3,Shipped
508,1359,4,2016-10-15,2016-10-18,2016-10-18,2,6,Shipped
509,235,4,2016-10-16,2016-10-17,2016-10-17,2,7,Shipped
510,586,4,2016-10-17,2016-10-18,2016-10-18,2,7,Shipped
511,377,4,2016-10-18,2016-10-20,2016-10-19,2,7,Shipped
512,8,4,2016-10-19,2016-10-22,2016-10-20,2,7,Shipped
513,155,4,2016-10-19,2016-10-21,2016-10-21,2,6,Shipped
514,927,4,2016-10-19,2016-10-21,2016-10-20,2,7,Shipped
515,986,4,2016-10-19,2016-10-20,2016-10-22,2,6,Shipped
516,111,4,2016-10-21,2016-10-23,2016-10-24,2,6,Shipped
517,613,4,2016-10-21,2016-10-22,2016-10-24,2,6,Shipped
518,1374,4,2016-10-22,2016-10-24,2016-10-25,1,2,Shipped
519,54,4,2016-10-22,2016-10-23,2016-10-24,2,7,Shipped
520,639,4,2016-10-23,2016-10-26,2016-10-24,2,7,Shipped
521,664,4,2016-10-23,2016-10-25,2016-10-25,2,6,Shipped
522,724,4,2016-10-23,2016-10-24,2016-10-24,2,7,Shipped
523,1056,4,2016-10-24,2016-10-26,2016-10-27,2,6,Shipped
524,569,4,2016-10-25,2016-10-26,2016-10-27,1,2,Shipped
525,1315,4,2016-10-26,2016-10-28,2016-10-29,1,3,Shipped
526,1096,4,2016-10-26,2016-10-28,2016-10-28,2,6,Shipped
527,506,4,2016-10-27,2016-10-29,2016-10-28,1,2,Shipped
528,676,4,2016-10-28,2016-10-31,2016-10-31,2,7,Shipped
529,753,4,2016-10-28,2016-10-30,2016-10-31,2,7,Shipped
530,773,4,2016-10-28,2016-10-31,2016-10-31,2,6,Shipped
531,116,4,2016-10-28,2016-10-29,2016-10-30,3,8,Shipped
532,817,4,2016-10-29,2016-10-31,2016-10-30,2,7,Shipped
533,1334,4,2016-10-29,2016-11-01,2016-11-01,2,6,Shipped
534,1406,4,2016-10-29,2016-10-30,2016-10-31,2,7,Shipped
535,835,4,2016-10-29,2016-10-31,2016-11-01,3,9,Shipped
536,759,4,2016-10-31,2016-11-02,2016-11-01,1,3,Shipped
537,1353,4,2016-10-31,2016-11-01,2016-11-03,1,2,Shipped
538,341,4,2016-11-02,2016-11-05,2016-11-05,2,6,Shipped
539,1144,4,2016-11-02,2016-11-04,2016-11-03,2,7,Shipped
540,1429,4,2016-11-03,2016-11-05,2016-11-06,1,3,Shipped
541,1228,4,2016-11-04,2016-11-07,2016-11-07,1,3,Shipped
542,313,4,2016-11-04,2016-11-06,2016-11-05,2,7,Shipped
543,62,4,2016-11-06,2016-11-09,2016-11-08,2,6,Shipped
544,321,4,2016-11-06,2016-11-07,2016-11-08,2,7,Shipped
545,1108,4,2016-11-08,2016-11-10,2016-11-09,3,9,Shipped
546,470,4,2016-11-09,2016-11-12,2016-11-10,2,7,Shipped
547,20,4,2016-11-09,2016-11-11,2016-11-10,3,8,Shipped
548,739,4,2016-11-11,2016-11-13,2016-11-13,2,7,Shipped
549,64,3,2016-11-12,2016-11-12,,3,9,Pending
550,892,4,2016-11-12,2016-11-14,2016-11-15,2,7,Shipped
551,1169,4,2016-11-12,2016-11-13,2016-11-13,2,6,Shipped
552,1282,4,2016-11-12,2016-11-15,2016-11-13,2,7,Shipped
553,913,4,2016-11-12,2016-11-13,2016-11-15,3,9,Shipped
554,104,4,2016-11-13,2016-11-14,2016-11-16,1,3,Shipped
555,212,4,2016-11-13,2016-11-14,2016-11-16,2,7,Shipped
556,61,4,2016-11-13,2016-11-14,2016-11-15,3,9,Shipped
557,1248,4,2016-11-14,2016-11-17,2016-11-15,2,6,Shipped
558,1443,4,2016-11-15,2016-11-16,2016-11-17,2,7,Shipped
559,959,4,2016-11-16,2016-11-17,2016-11-17,1,2,Shipped
560,1405,4,2016-11-18,2016-11-19,2016-11-21,2,6,Shipped
561,90,4,2016-11-19,2016-11-22,2016-11-22,2,6,Shipped
562,942,4,2016-11-19,2016-11-20,2016-11-22,2,7,Shipped
563,365,4,2016-11-20,2016-11-22,2016-11-21,2,6,Shipped
564,1058,4,2016-11-20,2016-11-23,2016-11-22,2,7,Shipped
565,894,4,2016-11-21,2016-11-22,2016-11-22,2,7,Shipped
566,298,4,2016-11-22,2016-11-25,2016-11-23,1,3,Shipped
567,1430,4,2016-11-22,2016-11-23,2016-11-23,1,2,Shipped
568,1275,4,2016-11-23,2016-11-25,2016-11-24,1,3,Shipped
569,707,4,2016-11-23,2016-11-24,2016-11-25,2,6,Shipped
570,989,4,2016-11-23,2016-11-24,2016-11-25,2,6,Shipped
571,5,4,2016-11-24,2016-11-25,2016-11-27,1,2,Shipped
572,178,4,2016-11-24,2016-11-26,2016-11-26,2,6,Shipped
573,423,4,2016-11-24,2016-11-26,2016-11-27,2,6,Shipped
574,833,4,2016-11-26,2016-11-27,2016-11-29,2,7,Shipped
575,33,4,2016-11-27,2016-11-28,2016-11-30,1,3,Shipped
576,1272,4,2016-11-27,2016-11-30,2016-11-28,1,3,Shipped
577,445,4,2016-11-27,2016-11-30,2016-11-29,2,6,Shipped
578,819,4,2016-11-27,2016-11-28,2016-11-29,2,7,Shipped
579,160,4,2016-11-27,2016-11-30,2016-11-29,3,8,Shipped
580,581,4,2016-11-30,2016-12-02,2016-12-02,1,3,Shipped
581,688,4,2016-12-03,2016-12-05,2016-12-06,1,3,Shipped
582,32,3,2016-12-04,2016-12-04,,1,2,Pending
583,792,4,2016-12-04,2016-12-05,2016-12-07,2,7,Shipped
584,1209,4,2016-12-04,2016-12-05,2016-12-05,2,7,Shipped
585,1219,4,2016-12-04,2016-12-05,2016-12-05,2,7,Shipped
586,1306,4,2016-12-04,2016-12-06,2016-12-05,2,6,Shipped
587,487,4,2016-12-06,2016-12-08,2016-12-08,1,2,Shipped
588,102,4,2016-12-06,2016-12-07,2016-12-07,2,7,Shipped
589,719,4,2016-12-06,2016-12-07,2016-12-07,2,7,Shipped
590,990,4,2016-12-06,2016-12-09,2016-12-07,2,7,Shipped
591,1211,4,2016-12-06,2016-12-09,2016-12-09,2,7,Shipped
592,1232,4,2016-12-06,2016-12-08,2016-12-08,2,7,Shipped
593,50,4,2016-12-07,2016-12-10,2016-12-08,3,8,Shipped
594,1318,4,2016-12-07,2016-12-08,2016-12-08,3,8,Shipped
595,538,4,2016-12-08,2016-12-09,2016-12-11,1,2,Shipped
596,952,4,2016-12-08,2016-12-09,2016-12-09,1,3,Shipped
597,1121,4,2016-12-08,2016-12-09,2016-12-10,2,6,Shipped
598,40,3,2016-12-09,2016-12-09,,1,3,Pending
599,1,4,2016-12-09,2016-12-10,2016-12-12,2,6,Shipped
600,624,4,2016-12-09,2016-12-12,2016-12-11,2,7,Shipped
601,683,4,2016-12-09,2016-12-10,2016-12-10,2,6,Shipped
602,823,4,2016-12-09,2016-12-10,2016-12-11,2,6,Shipped
603,1032,4,2016-12-09,2016-12-10,2016-12-10,2,7,Shipped
604,96,4,2016-12-10,2016-12-13,2016-12-12,2,7,Shipped
605,1208,4,2016-12-10,2016-12-11,2016-12-12,2,6,Shipped
606,18,4,2016-12-11,2016-12-12,2016-12-13,2,7,Shipped
607,309,4,2016-12-11,2016-12-14,2016-12-13,2,6,Shipped
608,1103,4,2016-12-12,2016-12-15,2016-12-14,1,3,Shipped
609,896,4,2016-12-12,2016-12-13,2016-12-14,2,7,Shipped
610,711,4,2016-12-13,2016-12-15,2016-12-14,2,6,Shipped
611,1073,4,2016-12-15,2016-12-17,2016-12-18,2,7,Shipped
612,634,4,2016-12-16,2016-12-17,2016-12-17,2,7,Shipped
613,1159,4,2016-12-17,2016-12-19,2016-12-19,2,7,Shipped
614,654,4,2016-12-18,2016-12-21,2016-12-21,1,2,Shipped
615,560,4,2016-12-19,2016-12-22,2016-12-21,3,9,Shipped
616,1444,4,2016-12-20,2016-12-23,2016-12-23,2,6,Shipped
617,118,4,2016-12-21,2016-12-23,2016-12-23,2,7,Shipped
618,131,4,2016-12-21,2016-12-22,2016-12-22,2,6,Shipped
619,454,4,2016-12-22,2016-12-25,2016-12-25,2,7,Shipped
620,466,4,2016-12-22,2016-12-24,2016-12-24,2,6,Shipped
621,1157,4,2016-12-23,2016-12-25,2016-12-24,2,6,Shipped
622,1398,4,2016-12-23,2016-12-26,2016-12-25,2,7,Shipped
623,678,4,2016-12-24,2016-12-26,2016-12-27,2,6,Shipped
624,814,4,2016-12-24,2016-12-25,2016-12-27,2,6,Shipped
625,1163,4,2016-12-25,2016-12-28,2016-12-26,1,2,Shipped
626,130,4,2016-12-25,2016-12-28,2016-12-27,2,7,Shipped
627,1119,4,2016-12-25,2016-12-26,2016-12-28,2,6,Shipped
628,561,4,2016-12-26,2016-12-29,2016-12-27,1,3,Shipped
629,973,4,2016-12-26,2016-12-27,2016-12-29,1,2,Shipped
630,1404,4,2016-12-26,2016-12-27,2016-12-28,2,6,Shipped
631,855,4,2016-12-27,2016-12-29,2016-12-29,1,3,Shipped
632,163,4,2016-12-27,2016-12-29,2016-12-29,2,7,Shipped
633,1040,4,2016-12-28,2016-12-31,2016-12-30,3,8,Shipped
634,27,4,2016-12-29,2017-01-01,2016-12-30,2,6,Shipped
635,520,4,2016-12-30,2017-01-02,2016-12-31,2,6,Shipped
636,532,4,2017-01-03,2017-01-04,2017-01-05,1,2,Shipped
637,512,4,2017-01-03,2017-01-05,2017-01-05,2,6,Shipped
638,1302,4,2017-01-04,2017-01-05,2017-01-06,2,7,Shipped
639,550,4,2017-01-06,2017-01-07,2017-01-07,2,6,Shipped
640,1093,4,2017-01-06,2017-01-08,2017-01-07,2,6,Shipped
641,673,4,2017-01-07,2017-01-10,2017-01-08,1,3,Shipped
642,847,4,2017-01-07,2017-01-09,2017-01-10,2,7,Shipped
643,901,4,2017-01-08,2017-01-09,2017-01-11,1,3,Shipped
644,439,4,2017-01-08,2017-01-11,2017-01-10,2,6,Shipped
645,1199,4,2017-01-08,2017-01-11,2017-01-10,2,6,Shipped
646,975,4,2017-01-09,2017-01-12,2017-01-11,1,2,Shipped
647,283,4,2017-01-09,2017-01-10,2017-01-11,2,7,Shipped
648,684,4,2017-01-09,2017-01-11,2017-01-11,2,6,Shipped
649,1153,4,2017-01-10,2017-01-11,2017-01-13,1,3,Shipped
650,729,4,2017-01-11,2017-01-14,2017-01-12,1,2,Shipped
651,190,4,2017-01-11,2017-01-13,2017-01-13,2,7,Shipped
652,985,4,2017-01-12,2017-01-15,2017-01-13,3,9,Shipped
653,1249,4,2017-01-14,2017-01-17,2017-01-15,1,2,Shipped
654,1129,4,2017-01-14,2017-01-15,2017-01-17,2,7,Shipped
655,347,4,2017-01-16,2017-01-17,2017-01-18,1,3,Shipped
656,949,4,2017-01-16,2017-01-17,2017-01-18,2,7,Shipped
657,349,4,2017-01-17,2017-01-19,2017-01-20,1,2,Shipped
658,1051,4,2017-01-17,2017-01-18,2017-01-18,2,7,Shipped
659,1391,4,2017-01-17,2017-01-19,2017-01-18,2,7,Shipped
660,383,4,2017-01-18,2017-01-19,2017-01-19,2,7,Shipped
661,626,4,2017-01-18,2017-01-19,2017-01-20,2,6,Shipped
662,1125,4,2017-01-19,2017-01-20,2017-01-20,1,3,Shipped
663,344,4,2017-01-20,2017-01-22,2017-01-23,1,3,Shipped
664,681,4,2017-01-20,2017-01-23,2017-01-22,2,7,Shipped
665,29,4,2017-01-21,2017-01-22,2017-01-23,2,6,Shipped
666,770,4,2017-01-21,2017-01-22,2017-01-24,2,7,Shipped
667,858,4,2017-01-22,2017-01-24,2017-01-25,2,7,Shipped
668,297,4,2017-01-22,2017-01-23,2017-01-24,3,8,Shipped
669,745,4,2017-01-23,2017-01-24,2017-01-26,2,7,Shipped
670,361,4,2017-01-24,2017-01-25,2017-01-25,2,6,Shipped
671,922,4,2017-01-25,2017-01-28,2017-01-26,2,7,Shipped
672,908,4,2017-01-26,2017-01-29,2017-01-29,2,6,Shipped
673,64,4,2017-01-26,2017-01-28,2017-01-27,3,9,Shipped
674,733,4,2017-01-27,2017-01-28,2017-01-29,2,6,Shipped
675,291,4,2017-01-28,2017-01-31,2017-01-30,2,7,Shipped
676,790,4,2017-01-28,2017-01-30,2017-01-31,2,7,Shipped
677,809,4,2017-01-28,2017-01-31,2017-01-30,2,7,Shipped
678,250,4,2017-01-28,2017-01-29,2017-01-31,3,9,Shipped
679,81,4,2017-01-29,2017-01-30,2017-01-30,1,3,Shipped
680,245,4,2017-01-29,2017-02-01,2017-01-30,1,3,Shipped
681,499,4,2017-01-29,2017-02-01,2017-01-31,2,7,Shipped
682,614,4,2017-01-29,2017-01-30,2017-01-30,2,6,Shipped
683,741,4,2017-01-29,2017-01-31,2017-02-01,2,6,Shipped
684,762,4,2017-01-31,2017-02-01,2017-02-02,2,6,Shipped
685,976,4,2017-01-31,2017-02-03,2017-02-02,2,7,Shipped
686,380,4,2017-02-01,2017-02-03,2017-02-04,2,7,Shipped
687,530,4,2017-02-02,2017-02-05,2017-02-04,1,3,Shipped
688,343,4,2017-02-02,2017-02-03,2017-02-05,2,7,Shipped
689,884,4,2017-02-02,2017-02-03,2017-02-05,2,7,Shipped
690,1097,4,2017-02-03,2017-02-04,2017-02-06,1,2,Shipped
691,1081,4,2017-02-04,2017-02-06,2017-02-06,2,7,Shipped
692,2,3,2017-02-05,2017-02-05,,1,3,Pending
693,1233,4,2017-02-05,2017-02-07,2017-02-06,1,3,Shipped
694,58,4,2017-02-05,2017-02-06,2017-02-08,2,7,Shipped
695,606,4,2017-02-05,2017-02-08,2017-02-07,2,7,Shipped
696,1242,4,2017-02-05,2017-02-08,2017-02-08,2,7,Shipped
697,562,4,2017-02-06,2017-02-08,2017-02-09,1,2,Shipped
698,543,4,2017-02-06,2017-02-08,2017-02-09,3,8,Shipped
699,958,4,2017-02-06,2017-02-08,2017-02-09,3,9,Shipped
700,4,4,2017-02-07,2017-02-10,2017-02-08,2,6,Shipped
701,850,4,2017-02-07,2017-02-08,2017-02-09,3,9,Shipped
702,1352,4,2017-02-08,2017-02-09,2017-02-11,1,3,Shipped
703,417,4,2017-02-08,2017-02-09,2017-02-09,2,7,Shipped
704,1137,4,2017-02-08,2017-02-09,2017-02-11,2,6,Shipped
705,1196,4,2017-02-08,2017-02-11,2017-02-11,2,7,Shipped
706,1271,4,2017-02-09,2017-02-12,2017-02-10,1,2,Shipped
707,79,4,2017-02-09,2017-02-11,2017-02-11,2,7,Shipped
708,660,4,2017-02-10,2017-02-12,2017-02-11,1,2,Shipped
709,1162,4,2017-02-11,2017-02-13,2017-02-12,2,6,Shipped
710,295,4,2017-02-13,2017-02-15,2017-02-16,2,6,Shipped
711,1246,4,2017-02-13,2017-02-16,2017-02-14,2,6,Shipped
712,173,4,2017-02-13,2017-02-14,2017-02-16,3,9,Shipped
713,207,4,2017-02-13,2017-02-14,2017-02-15,3,8,Shipped
714,805,4,2017-02-14,2017-02-17,2017-02-15,2,7,Shipped
715,12,3,2017-02-15,2017-02-15,,2,6,Pending
716,672,4,2017-02-15,2017-02-17,2017-02-18,2,6,Shipped
717,1312,4,2017-02-15,2017-02-18,2017-02-17,2,6,Shipped
718,38,4,2017-02-16,2017-02-17,2017-02-17,2,7,Shipped
719,200,4,2017-02-16,2017-02-19,2017-02-18,2,6,Shipped
720,382,4,2017-02-16,2017-02-19,2017-02-19,2,6,Shipped
721,625,4,2017-02-16,2017-02-19,2017-02-17,2,7,Shipped
722,1399,4,2017-02-18,2017-02-20,2017-02-21,2,7,Shipped
723,845,4,2017-02-19,2017-02-21,2017-02-22,2,6,Shipped
724,864,4,2017-02-19,2017-02-22,2017-02-21,2,6,Shipped
725,870,4,2017-02-19,2017-02-22,2017-02-22,2,7,Shipped
726,969,4,2017-02-19,2017-02-22,2017-02-20,2,6,Shipped
727,962,4,2017-02-19,2017-02-22,2017-02-21,3,9,Shipped
728,1138,4,2017-02-20,2017-02-21,2017-02-23,1,3,Shipped
729,897,4,2017-02-20,2017-02-22,2017-02-21,2,7,Shipped
730,500,4,2017-02-21,2017-02-24,2017-02-22,2,6,Shipped
731,910,4,2017-02-25,2017-02-27,2017-02-27,3,9,Shipped
732,147,4,2017-02-26,2017-02-27,2017-03-01,2,7,Shipped
733,832,4,2017-02-26,2017-03-01,2017-02-27,2,7,Shipped
734,939,4,2017-02-26,2017-02-28,2017-03-01,3,9,Shipped
735,20,3,2017-02-27,2017-02-27,,3,9,Pending
736,184,4,2017-02-27,2017-02-28,2017-02-28,2,7,Shipped
737,694,4,2017-02-27,2017-03-01,2017-02-28,2,6,Shipped
738,124,4,2017-02-28,2017-03-01,2017-03-03,1,2,Shipped
739,49,4,2017-02-28,2017-03-01,2017-03-02,2,6,Shipped
740,1113,4,2017-02-28,2017-03-01,2017-03-02,2,6,Shipped
741,119,4,2017-02-28,2017-03-01,2017-03-01,3,8,Shipped
742,433,4,2017-02-28,2017-03-01,2017-03-01,3,9,Shipped
743,137,4,2017-03-01,2017-03-04,2017-03-04,2,6,Shipped
744,166,4,2017-03-01,2017-03-02,2017-03-02,2,7,Shipped
745,698,4,2017-03-01,2017-03-03,2017-03-03,2,7,Shipped
746,391,4,2017-03-02,2017-03-04,2017-03-05,1,3,Shipped
747,87,4,2017-03-03,2017-03-04,2017-03-05,1,3,Shipped
748,1072,4,2017-03-03,2017-03-05,2017-03-04,3,8,Shipped
749,255,4,2017-03-04,2017-03-07,2017-03-05,2,7,Shipped
750,232,4,2017-03-04,2017-03-07,2017-03-05,3,8,Shipped
751,731,4,2017-03-05,2017-03-08,2017-03-07,1,3,Shipped
752,335,4,2017-03-05,2017-03-06,2017-03-07,2,6,Shipped
753,1201,4,2017-03-05,2017-03-08,2017-03-08,2,7,Shipped
754,646,4,2017-03-06,2017-03-07,2017-03-08,1,2,Shipped
755,531,4,2017-03-06,2017-03-07,2017-03-07,2,6,Shipped
756,1143,4,2017-03-06,2017-03-07,2017-03-09,2,6,Shipped
757,1336,4,2017-03-06,2017-03-08,2017-03-09,2,7,Shipped
758,953,4,2017-03-06,2017-03-08,2017-03-07,3,9,Shipped
759,284,4,2017-03-07,2017-03-09,2017-03-08,2,7,Shipped
760,1104,4,2017-03-07,2017-03-10,2017-03-10,2,6,Shipped
761,1291,4,2017-03-07,2017-03-08,2017-03-10,2,7,Shipped
762,572,4,2017-03-08,2017-03-09,2017-03-09,2,6,Shipped
763,842,4,2017-03-08,2017-03-10,2017-03-09,3,9,Shipped
764,701,4,2017-03-09,2017-03-10,2017-03-12,1,2,Shipped
765,1152,4,2017-03-09,2017-03-11,2017-03-12,1,2,Shipped
766,141,4,2017-03-09,2017-03-11,2017-03-12,2,6,Shipped
767,564,4,2017-03-09,2017-03-10,2017-03-11,2,7,Shipped
768,841,4,2017-03-09,2017-03-12,2017-03-10,2,7,Shipped
769,946,4,2017-03-09,2017-03-11,2017-03-11,2,6,Shipped
770,135,4,2017-03-09,2017-03-11,2017-03-11,3,9,Shipped
771,671,4,2017-03-11,2017-03-14,2017-03-12,1,3,Shipped
772,448,4,2017-03-11,2017-03-12,2017-03-13,2,7,Shipped
773,1385,4,2017-03-11,2017-03-12,2017-03-12,2,6,Shipped
774,690,4,2017-03-12,2017-03-14,2017-03-14,2,6,Shipped
775,968,4,2017-03-12,2017-03-13,2017-03-13,2,6,Shipped
776,490,4,2017-03-13,2017-03-15,2017-03-16,2,6,Shipped
777,496,4,2017-03-13,2017-03-16,2017-03-16,2,6,Shipped
778,56,3,2017-03-15,2017-03-15,,3,9,Pending
779,367,4,2017-03-15,2017-03-16,2017-03-18,2,6,Shipped
780,592,4,2017-03-15,2017-03-17,2017-03-17,2,6,Shipped
781,1018,4,2017-03-15,2017-03-16,2017-03-17,2,6,Shipped
782,1298,4,2017-03-15,2017-03-16,2017-03-18,2,7,Shipped
783,1343,4,2017-03-16,2017-03-19,2017-03-17,1,2,Shipped
784,430,4,2017-03-16,2017-03-19,2017-03-19,2,7,Shipped
785,794,4,2017-03-18,2017-03-19,2017-03-20,1,2,Shipped
786,249,4,2017-03-18,2017-03-20,2017-03-19,2,6,Shipped
787,700,4,2017-03-18,2017-03-20,2017-03-19,3,9,Shipped
788,1363,4,2017-03-18,2017-03-20,2017-03-20,3,9,Shipped
789,772,4,2017-03-19,2017-03-20,2017-03-20,2,6,Shipped
790,1015,4,2017-03-19,2017-03-21,2017-03-22,2,7,Shipped
791,432,4,2017-03-20,2017-03-22,2017-03-23,2,6,Shipped
792,479,4,2017-03-22,2017-03-23,2017-03-24,2,6,Shipped
793,653,4,2017-03-23,2017-03-24,2017-03-24,2,6,Shipped
794,863,4,2017-03-23,2017-03-25,2017-03-24,2,7,Shipped
795,992,4,2017-03-23,2017-03-25,2017-03-26,2,7,Shipped
796,154,4,2017-03-23,2017-03-26,2017-03-25,3,9,Shipped
797,374,4,2017-03-24,2017-03-26,2017-03-26,2,7,Shipped
798,619,4,2017-03-26,2017-03-28,2017-03-29,1,3,Shipped
799,607,4,2017-03-27,2017-03-28,2017-03-29,1,3,Shipped
800,1057,4,2017-03-27,2017-03-29,2017-03-28,2,6,Shipped
801,78,4,2017-03-28,2017-03-29,2017-03-30,1,2,Shipped
802,340,4,2017-03-28,2017-03-29,2017-03-30,2,6,Shipped
803,1105,4,2017-03-28,2017-03-31,2017-03-30,3,8,Shipped
804,95,4,2017-03-29,2017-03-31,2017-03-30,2,6,Shipped
805,420,4,2017-03-29,2017-03-30,2017-04-01,2,6,Shipped
806,234,4,2017-03-30,2017-03-31,2017-03-31,2,7,Shipped
807,1148,4,2017-03-30,2017-04-01,2017-04-02,2,6,Shipped
808,315,4,2017-03-31,2017-04-02,2017-04-02,2,6,Shipped
809,1222,4,2017-03-31,2017-04-03,2017-04-03,2,7,Shipped
810,153,3,2017-04-01,2017-04-01,,3,8,Pending
811,524,4,2017-04-01,2017-04-04,2017-04-04,2,7,Shipped
812,1164,4,2017-04-01,2017-04-02,2017-04-03,2,7,Shipped
813,1203,4,2017-04-01,2017-04-03,2017-04-02,3,9,Shipped
814,629,4,2017-04-02,2017-04-05,2017-04-03,2,7,Shipped
815,1251,4,2017-04-03,2017-04-05,2017-04-04,1,3,Shipped
816,811,4,2017-04-03,2017-04-05,2017-04-05,2,6,Shipped
817,301,4,2017-04-04,2017-04-05,2017-04-07,2,7,Shipped
818,1319,4,2017-04-04,2017-04-07,2017-04-07,2,6,Shipped
819,221,4,2017-04-04,2017-04-07,2017-04-05,3,9,Shipped
820,725,4,2017-04-05,2017-04-08,2017-04-07,2,7,Shipped
821,1181,4,2017-04-05,2017-04-07,2017-04-08,2,7,Shipped
822,294,4,2017-04-06,2017-04-08,2017-04-09,2,7,Shipped
823,415,4,2017-04-06,2017-04-07,2017-04-08,3,8,Shipped
824,993,4,2017-04-07,2017-04-09,2017-04-10,1,2,Shipped
825,10,4,2017-04-07,2017-04-08,2017-04-09,2,7,Shipped
826,45,4,2017-04-07,2017-04-10,2017-04-10,2,6,Shipped
827,666,4,2017-04-07,2017-04-10,2017-04-10,2,7,Shipped
828,246,4,2017-04-09,2017-04-10,2017-04-12,2,6,Shipped
829,674,4,2017-04-09,2017-04-10,2017-04-10,2,7,Shipped
830,431,4,2017-04-11,2017-04-14,2017-04-12,2,6,Shipped
831,1000,4,2017-04-11,2017-04-12,2017-04-12,2,7,Shipped
832,1215,4,2017-04-11,2017-04-12,2017-04-12,2,7,Shipped
833,406,4,2017-04-12,2017-04-14,2017-04-15,2,7,Shipped
834,890,4,2017-04-12,2017-04-13,2017-04-15,2,6,Shipped
835,940,4,2017-04-13,2017-04-15,2017-04-14,1,2,Shipped
836,455,4,2017-04-13,2017-04-16,2017-04-14,2,6,Shipped
837,948,4,2017-04-13,2017-04-16,2017-04-14,2,7,Shipped
838,1395,4,2017-04-14,2017-04-17,2017-04-15,2,7,Shipped
839,1332,4,2017-04-15,2017-04-18,2017-04-16,1,3,Shipped
840,372,4,2017-04-15,2017-04-16,2017-04-16,2,6,Shipped
841,428,4,2017-04-15,2017-04-18,2017-04-17,2,7,Shipped
842,1133,4,2017-04-15,2017-04-18,2017-04-16,2,6,Shipped
843,1059,4,2017-04-16,2017-04-17,2017-04-19,2,7,Shipped
844,1436,4,2017-04-16,2017-04-17,2017-04-18,2,6,Shipped
845,662,4,2017-04-17,2017-04-18,2017-04-18,2,7,Shipped
846,715,4,2017-04-17,2017-04-19,2017-04-19,2,6,Shipped
847,329,4,2017-04-18,2017-04-19,2017-04-19,2,7,Shipped
848,597,4,2017-04-18,2017-04-20,2017-04-20,2,7,Shipped
849,776,4,2017-04-19,2017-04-20,2017-04-21,1,2,Shipped
850,1346,4,2017-04-19,2017-04-22,2017-04-22,1,3,Shipped
851,1139,4,2017-04-20,2017-04-21,2017-04-22,2,6,Shipped
852,13,4,2017-04-21,2017-04-23,2017-04-22,3,9,Shipped
853,883,4,2017-04-21,2017-04-24,2017-04-24,3,8,Shipped
854,177,4,2017-04-22,2017-04-25,2017-04-23,2,6,Shipped
855,775,4,2017-04-22,2017-04-23,2017-04-25,2,6,Shipped
856,477,4,2017-04-23,2017-04-25,2017-04-26,2,6,Shipped
857,1402,4,2017-04-24,2017-04-25,2017-04-26,2,7,Shipped
858,162,4,2017-04-25,2017-04-27,2017-04-28,2,6,Shipped
859,644,4,2017-04-25,2017-04-26,2017-04-26,2,6,Shipped
860,473,4,2017-04-27,2017-04-29,2017-04-28,2,7,Shipped
861,1177,4,2017-04-27,2017-04-29,2017-04-30,2,7,Shipped
862,1230,4,2017-04-27,2017-04-30,2017-04-29,3,8,Shipped
863,446,4,2017-04-28,2017-04-30,2017-05-01,2,7,Shipped
864,902,4,2017-04-28,2017-04-30,2017-04-29,2,6,Shipped
865,974,4,2017-04-29,2017-05-02,2017-05-01,2,6,Shipped
866,1410,4,2017-04-29,2017-04-30,2017-05-01,2,6,Shipped
867,97,4,2017-05-01,2017-05-03,2017-05-02,1,3,Shipped
868,868,4,2017-05-01,2017-05-04,2017-05-02,1,3,Shipped
869,844,4,2017-05-01,2017-05-04,2017-05-02,2,7,Shipped
870,1416,4,2017-05-01,2017-05-04,2017-05-02,2,6,Shipped
871,358,4,2017-05-02,2017-05-04,2017-05-03,2,7,Shipped
872,394,4,2017-05-03,2017-05-06,2017-05-06,1,3,Shipped
873,829,4,2017-05-03,2017-05-05,2017-05-05,2,7,Shipped
874,661,4,2017-05-04,2017-05-05,2017-05-06,2,7,Shipped
875,386,4,2017-05-05,2017-05-06,2017-05-08,1,3,Shipped
876,1046,4,2017-05-05,2017-05-08,2017-05-06,2,7,Shipped
877,784,4,2017-05-06,2017-05-07,2017-05-08,2,6,Shipped
878,224,4,2017-05-07,2017-05-10,2017-05-09,1,3,Shipped
879,214,4,2017-05-08,2017-05-09,2017-05-09,2,7,Shipped
880,1206,4,2017-05-08,2017-05-11,2017-05-10,2,6,Shipped
881,1024,4,2017-05-08,2017-05-11,2017-05-11,3,9,Shipped
882,196,4,2017-05-09,2017-05-12,2017-05-10,2,6,Shipped
883,507,4,2017-05-11,2017-05-13,2017-05-14,2,6,Shipped
884,871,4,2017-05-11,2017-05-13,2017-05-12,2,7,Shipped
885,66,3,2017-05-13,2017-05-13,,3,8,Pending
886,1396,4,2017-05-13,2017-05-14,2017-05-15,1,2,Shipped
887,1195,4,2017-05-13,2017-05-15,2017-05-15,2,6,Shipped
888,1038,4,2017-05-14,2017-05-16,2017-05-16,2,7,Shipped
889,830,4,2017-05-14,2017-05-17,2017-05-15,3,8,Shipped
890,171,4,2017-05-15,2017-05-18,2017-05-18,2,6,Shipped
891,384,4,2017-05-15,2017-05-18,2017-05-16,2,6,Shipped
892,651,4,2017-05-15,2017-05-18,2017-05-17,2,7,Shipped
893,1293,4,2017-05-16,2017-05-19,2017-05-19,2,7,Shipped
894,1320,4,2017-05-16,2017-05-19,2017-05-19,2,6,Shipped
895,857,4,2017-05-18,2017-05-21,2017-05-19,2,6,Shipped
896,376,4,2017-05-19,2017-05-22,2017-05-21,3,9,Shipped
897,47,4,2017-05-20,2017-05-21,2017-05-21,1,2,Shipped
898,352,4,2017-05-20,2017-05-21,2017-05-22,2,6,Shipped
899,605,4,2017-05-20,2017-05-21,2017-05-21,2,7,Shipped
900,971,4,2017-05-20,2017-05-21,2017-05-22,2,6,Shipped
901,345,4,2017-05-21,2017-05-22,2017-05-24,2,7,Shipped
902,1278,4,2017-05-21,2017-05-24,2017-05-22,2,6,Shipped
903,179,4,2017-05-22,2017-05-23,2017-05-24,2,7,Shipped
904,1020,4,2017-05-23,2017-05-26,2017-05-24,1,2,Shipped
905,609,4,2017-05-23,2017-05-26,2017-05-24,2,6,Shipped
906,877,4,2017-05-23,2017-05-26,2017-05-26,2,7,Shipped
907,120,4,2017-05-24,2017-05-26,2017-05-27,1,2,Shipped
908,402,4,2017-05-25,2017-05-28,2017-05-27,2,7,Shipped
909,188,4,2017-05-26,2017-05-27,2017-05-28,1,2,Shipped
910,342,4,2017-05-26,2017-05-28,2017-05-28,2,7,Shipped
911,887,4,2017-05-26,2017-05-29,2017-05-29,2,6,Shipped
912,519,4,2017-05-27,2017-05-29,2017-05-29,1,2,Shipped
913,699,4,2017-05-27,2017-05-29,2017-05-29,2,6,Shipped
914,1068,4,2017-05-28,2017-05-31,2017-05-31,1,2,Shipped
915,215,4,2017-05-28,2017-05-30,2017-05-30,2,6,Shipped
916,718,4,2017-05-28,2017-05-29,2017-05-29,2,6,Shipped
917,881,4,2017-05-29,2017-05-31,2017-06-01,1,2,Shipped
918,242,4,2017-05-30,2017-05-31,2017-05-31,1,3,Shipped
919,781,4,2017-05-30,2017-05-31,2017-05-31,2,7,Shipped
920,966,4,2017-05-30,2017-06-01,2017-06-02,2,7,Shipped
921,628,4,2017-05-31,2017-06-02,2017-06-02,2,6,Shipped
922,656,4,2017-05-31,2017-06-01,2017-06-03,2,6,Shipped
923,769,4,2017-05-31,2017-06-03,2017-06-02,2,7,Shipped
924,68,3,2017-06-02,2017-06-02,,3,8,Pending
925,1316,4,2017-06-02,2017-06-05,2017-06-03,2,7,Shipped
926,233,4,2017-06-03,2017-06-05,2017-06-06,1,2,Shipped
927,1438,4,2017-06-03,2017-06-05,2017-06-06,1,2,Shipped
928,957,4,2017-06-05,2017-06-06,2017-06-06,1,3,Shipped
929,472,4,2017-06-05,2017-06-06,2017-06-08,2,6,Shipped
930,1224,4,2017-06-05,2017-06-06,2017-06-06,3,9,Shipped
931,631,4,2017-06-07,2017-06-08,2017-06-08,2,6,Shipped
932,804,4,2017-06-07,2017-06-08,2017-06-09,2,6,Shipped
933,909,4,2017-06-07,2017-06-10,2017-06-08,2,6,Shipped
934,93,4,2017-06-09,2017-06-10,2017-06-12,2,7,Shipped
935,43,3,2017-06-10,2017-06-10,,3,8,Pending
936,265,4,2017-06-10,2017-06-13,2017-06-12,2,6,Shipped
937,73,4,2017-06-11,2017-06-14,2017-06-13,2,7,Shipped
938,129,4,2017-06-11,2017-06-12,2017-06-12,2,6,Shipped
939,1407,4,2017-06-11,2017-06-12,2017-06-14,2,6,Shipped
940,585,4,2017-06-12,2017-06-14,2017-06-13,1,2,Shipped
941,736,4,2017-06-12,2017-06-14,2017-06-14,1,2,Shipped
942,537,4,2017-06-13,2017-06-16,2017-06-15,2,6,Shipped
943,1025,4,2017-06-13,2017-06-15,2017-06-15,2,6,Shipped
944,138,4,2017-06-14,2017-06-15,2017-06-17,1,3,Shipped
945,167,4,2017-06-14,2017-06-15,2017-06-16,2,7,Shipped
946,525,4,2017-06-14,2017-06-16,2017-06-15,2,6,Shipped
947,278,4,2017-06-15,2017-06-18,2017-06-17,1,3,Shipped
948,618,4,2017-06-15,2017-06-17,2017-06-17,2,6,Shipped
949,867,4,2017-06-16,2017-06-18,2017-06-17,1,3,Shipped
950,142,4,2017-06-16,2017-06-19,2017-06-18,2,6,Shipped
951,339,4,2017-06-16,2017-06-19,2017-06-19,2,7,Shipped
952,355,4,2017-06-16,2017-06-18,2017-06-18,2,7,Shipped
953,658,4,2017-06-16,2017-06-18,2017-06-17,2,7,Shipped
954,611,4,2017-06-17,2017-06-20,2017-06-20,2,6,Shipped
955,880,4,2017-06-17,2017-06-19,2017-06-18,2,6,Shipped
956,1184,4,2017-06-17,2017-06-19,2017-06-20,2,6,Shipped
957,722,4,2017-06-17,2017-06-20,2017-06-20,3,9,Shipped
958,1276,4,2017-06-18,2017-06-20,2017-06-19,1,2,Shipped
959,650,4,2017-06-18,2017-06-21,2017-06-21,2,7,Shipped
960,1390,4,2017-06-18,2017-06-19,2017-06-19,2,7,Shipped
961,82,4,2017-06-19,2017-06-21,2017-06-22,1,2,Shipped
962,570,4,2017-06-19,2017-06-22,2017-06-20,2,7,Shipped
963,1432,4,2017-06-19,2017-06-21,2017-06-21,2,6,Shipped
964,404,4,2017-06-20,2017-06-22,2017-06-22,2,7,Shipped
965,457,4,2017-06-20,2017-06-22,2017-06-23,2,6,Shipped
966,389,4,2017-06-20,2017-06-22,2017-06-22,3,8,Shipped
967,1323,4,2017-06-21,2017-06-24,2017-06-24,2,6,Shipped
968,1403,4,2017-06-21,2017-06-23,2017-06-23,2,6,Shipped
969,248,4,2017-06-21,2017-06-24,2017-06-22,3,9,Shipped
970,836,4,2017-06-22,2017-06-25,2017-06-23,2,7,Shipped
971,1426,4,2017-06-22,2017-06-23,2017-06-24,3,8,Shipped
972,270,4,2017-06-23,2017-06-24,2017-06-25,2,7,Shipped
973,238,4,2017-06-24,2017-06-27,2017-06-27,2,6,Shipped
974,511,4,2017-06-24,2017-06-27,2017-06-27,3,8,Shipped
975,1092,4,2017-06-25,2017-06-27,2017-06-28,2,6,Shipped
976,1266,4,2017-06-25,2017-06-28,2017-06-27,3,9,Shipped
977,400,4,2017-06-26,2017-06-28,2017-06-27,2,7,Shipped
978,1123,4,2017-06-26,2017-06-28,2017-06-27,2,6,Shipped
979,1190,4,2017-06-26,2017-06-29,2017-06-27,2,6,Shipped
980,328,4,2017-06-26,2017-06-28,2017-06-27,3,9,Shipped
981,687,4,2017-06-26,2017-06-29,2017-06-28,3,8,Shipped
982,1423,4,2017-06-26,2017-06-29,2017-06-28,3,9,Shipped
983,1158,4,2017-06-27,2017-06-28,2017-06-29,2,6,Shipped
984,1287,4,2017-06-27,2017-06-28,2017-06-29,2,7,Shipped
985,461,4,2017-06-30,2017-07-02,2017-07-01,2,6,Shipped
986,556,4,2017-06-30,2017-07-03,2017-07-01,2,7,Shipped
987,172,4,2017-07-02,2017-07-04,2017-07-04,1,2,Shipped
988,436,4,2017-07-02,2017-07-04,2017-07-05,2,6,Shipped
989,1145,4,2017-07-02,2017-07-04,2017-07-03,2,6,Shipped
990,706,4,2017-07-04,2017-07-07,2017-07-07,2,7,Shipped
991,751,4,2017-07-06,2017-07-07,2017-07-09,1,2,Shipped
992,723,4,2017-07-07,2017-07-10,2017-07-09,2,7,Shipped
993,1415,4,2017-07-09,2017-07-11,2017-07-11,1,3,Shipped
994,419,4,2017-07-09,2017-07-11,2017-07-11,2,7,Shipped
995,621,4,2017-07-11,2017-07-13,2017-07-14,1,2,Shipped
996,915,4,2017-07-11,2017-07-12,2017-07-12,1,2,Shipped
997,485,4,2017-07-11,2017-07-13,2017-07-14,2,7,Shipped
998,219,4,2017-07-12,2017-07-13,2017-07-14,2,7,Shipped
999,590,4,2017-07-12,2017-07-13,2017-07-14,2,6,Shipped
1000,645,4,2017-07-12,2017-07-14,2017-07-15,2,7,Shipped
1001,354,4,2017-07-13,2017-07-16,2017-07-15,2,6,Shipped
1002,1418,4,2017-07-14,2017-07-16,2017-07-16,1,3,Shipped
1003,503,4,2017-07-14,2017-07-16,2017-07-16,2,7,Shipped
1004,1389,4,2017-07-14,2017-07-17,2017-07-16,2,6,Shipped
1005,266,4,2017-07-15,2017-07-17,2017-07-16,2,7,Shipped
1006,1070,4,2017-07-15,2017-07-18,2017-07-17,2,7,Shipped
1007,1115,4,2017-07-16,2017-07-17,2017-07-17,2,6,Shipped
1008,1345,4,2017-07-16,2017-07-18,2017-07-18,2,6,Shipped
1009,1064,4,2017-07-16,2017-07-19,2017-07-19,3,8,Shipped
1010,8,3,2017-07-18,2017-07-18,,2,7,Pending
1011,495,4,2017-07-18,2017-07-21,2017-07-21,1,3,Shipped
1012,620,4,2017-07-18,2017-07-20,2017-07-20,2,7,Shipped
1013,174,4,2017-07-19,2017-07-22,2017-07-21,2,6,Shipped
1014,748,4,2017-07-19,2017-07-21,2017-07-21,2,6,Shipped
1015,799,4,2017-07-19,2017-07-22,2017-07-21,2,7,Shipped
1016,1417,4,2017-07-19,2017-07-20,2017-07-21,3,9,Shipped
1017,168,4,2017-07-20,2017-07-21,2017-07-23,2,6,Shipped
1018,290,4,2017-07-22,2017-07-23,2017-07-23,2,6,Shipped
1019,408,4,2017-07-22,2017-07-23,2017-07-24,2,7,Shipped
1020,16,3,2017-07-23,2017-07-23,,2,6,Pending
1021,125,4,2017-07-23,2017-07-24,2017-07-26,2,6,Shipped
1022,353,4,2017-07-23,2017-07-26,2017-07-24,2,7,Shipped
1023,356,4,2017-07-23,2017-07-26,2017-07-25,2,6,Shipped
1024,837,4,2017-07-23,2017-07-25,2017-07-26,2,7,Shipped
1025,1304,4,2017-07-23,2017-07-26,2017-07-26,2,6,Shipped
1026,1370,4,2017-07-26,2017-07-28,2017-07-29,1,2,Shipped
1027,588,4,2017-07-26,2017-07-28,2017-07-28,2,6,Shipped
1028,1273,4,2017-07-27,2017-07-28,2017-07-30,2,7,Shipped
1029,407,4,2017-07-29,2017-07-30,2017-08-01,1,3,Shipped
1030,161,4,2017-07-29,2017-07-30,2017-07-31,2,6,Shipped
1031,1308,4,2017-07-30,2017-08-01,2017-08-02,1,2,Shipped
1032,429,4,2017-07-30,2017-08-02,2017-08-01,2,6,Shipped
1033,582,4,2017-07-30,2017-07-31,2017-08-02,2,7,Shipped
1034,895,4,2017-07-30,2017-07-31,2017-07-31,2,7,Shipped
1035,1283,4,2017-07-30,2017-08-02,2017-08-02,2,6,Shipped
1036,1442,4,2017-07-30,2017-08-01,2017-07-31,2,6,Shipped
1037,1229,4,2017-07-31,2017-08-02,2017-08-03,2,6,Shipped
1038,1281,4,2017-07-31,2017-08-01,2017-08-03,2,7,Shipped
1039,1077,4,2017-08-02,2017-08-04,2017-08-03,2,7,Shipped
1040,1225,4,2017-08-04,2017-08-07,2017-08-05,1,2,Shipped
1041,70,4,2017-08-04,2017-08-06,2017-08-05,2,7,Shipped
1042,539,4,2017-08-06,2017-08-07,2017-08-07,2,7,Shipped
1043,1235,4,2017-08-06,2017-08-09,2017-08-08,2,6,Shipped
1044,1270,4,2017-08-07,2017-08-10,2017-08-08,2,7,Shipped
1045,185,4,2017-08-07,2017-08-09,2017-08-10,3,9,Shipped
1046,1134,4,2017-08-07,2017-08-09,2017-08-08,3,8,Shipped
1047,116,3,2017-08-08,2017-08-08,,3,8,Pending
1048,777,4,2017-08-08,2017-08-10,2017-08-09,2,7,Shipped
1049,194,4,2017-08-09,2017-08-11,2017-08-10,1,2,Shipped
1050,239,4,2017-08-09,2017-08-12,2017-08-12,1,3,Shipped
1051,209,4,2017-08-10,2017-08-11,2017-08-11,2,7,Shipped
1052,460,4,2017-08-10,2017-08-12,2017-08-13,2,6,Shipped
1053,1439,4,2017-08-10,2017-08-11,2017-08-12,2,6,Shipped
1054,189,4,2017-08-11,2017-08-12,2017-08-12,2,7,Shipped
1055,140,4,2017-08-12,2017-08-15,2017-08-15,2,6,Shipped
1056,325,4,2017-08-12,2017-08-15,2017-08-13,2,7,Shipped
1057,456,4,2017-08-12,2017-08-15,2017-08-13,2,7,Shipped
1058,782,4,2017-08-13,2017-08-16,2017-08-14,2,6,Shipped
1059,6,4,2017-08-14,2017-08-17,2017-08-17,2,7,Shipped
1060,182,4,2017-08-15,2017-08-18,2017-08-17,2,6,Shipped
1061,655,4,2017-08-15,2017-08-18,2017-08-18,2,7,Shipped
1062,1210,4,2017-08-15,2017-08-17,2017-08-18,2,6,Shipped
1063,198,4,2017-08-16,2017-08-19,2017-08-19,3,8,Shipped
1064,898,4,2017-08-16,2017-08-18,2017-08-19,3,9,Shipped
1065,25,4,2017-08-17,2017-08-19,2017-08-19,2,7,Shipped
1066,106,4,2017-08-17,2017-08-20,2017-08-19,2,7,Shipped
1067,225,4,2017-08-17,2017-08-19,2017-08-19,2,7,Shipped
1068,453,4,2017-08-17,2017-08-20,2017-08-19,2,7,Shipped
1069,493,4,2017-08-17,2017-08-19,2017-08-18,2,6,Shipped
1070,596,4,2017-08-17,2017-08-20,2017-08-18,2,7,Shipped
1071,602,4,2017-08-17,2017-08-20,2017-08-18,3,8,Shipped
1072,47,3,2017-08-18,2017-08-18,,1,3,Pending
1073,911,4,2017-08-18,2017-08-19,2017-08-21,2,7,Shipped
1074,11,3,2017-08-19,2017-08-19,,2,6,Pending
1075,1003,4,2017-08-19,2017-08-21,2017-08-22,1,3,Shipped
1076,42,4,2017-08-19,2017-08-22,2017-08-22,2,6,Shipped
1077,412,4,2017-08-19,2017-08-20,2017-08-21,2,6,Shipped
1078,793,4,2017-08-19,2017-08-21,2017-08-20,2,6,Shipped
1079,812,4,2017-08-19,2017-08-20,2017-08-20,2,7,Shipped
1080,1086,4,2017-08-19,2017-08-20,2017-08-20,2,7,Shipped
1081,1106,4,2017-08-19,2017-08-22,2017-08-22,2,6,Shipped
1082,1327,4,2017-08-20,2017-08-22,2017-08-21,2,6,Shipped
1083,1372,4,2017-08-20,2017-08-23,2017-08-23,2,6,Shipped
1084,2,4,2017-08-21,2017-08-24,2017-08-23,1,2,Shipped
1085,305,4,2017-08-21,2017-08-23,2017-08-23,1,3,Shipped
1086,220,4,2017-08-21,2017-08-23,2017-08-24,2,7,Shipped
1087,675,4,2017-08-22,2017-08-23,2017-08-25,3,8,Shipped
1088,1160,4,2017-08-22,2017-08-23,2017-08-23,3,8,Shipped
1089,46,3,2017-08-23,2017-08-23,,1,2,Pending
1090,1427,4,2017-08-24,2017-08-26,2017-08-26,1,2,Shipped
1091,1260,4,2017-08-24,2017-08-25,2017-08-25,2,7,Shipped
1092,40,4,2017-08-25,2017-08-28,2017-08-27,1,2,Shipped
1093,326,4,2017-08-25,2017-08-28,2017-08-26,1,3,Shipped
1094,828,4,2017-08-25,2017-08-27,2017-08-28,2,6,Shipped
1095,1382,4,2017-08-26,2017-08-28,2017-08-27,3,9,Shipped
1096,589,4,2017-08-27,2017-08-29,2017-08-29,1,2,Shipped
1097,1311,4,2017-08-27,2017-08-30,2017-08-28,2,6,Shipped
1098,752,4,2017-08-28,2017-08-30,2017-08-30,1,2,Shipped
1099,1128,4,2017-08-28,2017-08-29,2017-08-30,2,6,Shipped
1100,1392,4,2017-08-28,2017-08-29,2017-08-29,2,7,Shipped
1101,379,4,2017-08-29,2017-08-30,2017-08-30,2,7,Shipped
1102,1317,4,2017-08-29,2017-08-31,2017-08-31,2,6,Shipped
1103,1394,4,2017-08-31,2017-09-02,2017-09-02,2,7,Shipped
1104,268,4,2017-09-01,2017-09-04,2017-09-03,2,6,Shipped
1105,747,4,2017-09-01,2017-09-04,2017-09-03,3,8,Shipped
1106,1009,4,2017-09-02,2017-09-04,2017-09-04,2,6,Shipped
1107,1424,4,2017-09-02,2017-09-05,2017-09-05,2,7,Shipped
1108,735,4,2017-09-03,2017-09-05,2017-09-04,1,3,Shipped
1109,23,4,2017-09-03,2017-09-04,2017-09-04,2,6,Shipped
1110,912,4,2017-09-04,2017-09-07,2017-09-07,2,6,Shipped
1111,930,4,2017-09-04,2017-09-06,2017-09-05,2,6,Shipped
1112,798,4,2017-09-05,2017-09-08,2017-09-07,2,7,Shipped
1113,388,4,2017-09-06,2017-09-08,2017-09-07,2,7,Shipped
1114,1036,4,2017-09-06,2017-09-08,2017-09-08,2,6,Shipped
1115,1100,4,2017-09-07,2017-09-09,2017-09-09,2,6,Shipped
1116,52,4,2017-09-08,2017-09-10,2017-09-10,2,7,Shipped
1117,334,4,2017-09-08,2017-09-10,2017-09-10,2,6,Shipped
1118,1023,4,2017-09-08,2017-09-11,2017-09-11,2,6,Shipped
1119,749,4,2017-09-10,2017-09-12,2017-09-13,1,2,Shipped
1120,1269,4,2017-09-10,2017-09-12,2017-09-13,2,7,Shipped
1121,143,4,2017-09-11,2017-09-13,2017-09-12,2,7,Shipped
1122,1132,4,2017-09-12,2017-09-14,2017-09-14,2,6,Shipped
1123,598,4,2017-09-13,2017-09-14,2017-09-14,2,7,Shipped
1124,275,4,2017-09-13,2017-09-14,2017-09-16,3,9,Shipped
1125,945,4,2017-09-14,2017-09-15,2017-09-15,2,7,Shipped
1126,1213,4,2017-09-14,2017-09-16,2017-09-15,3,8,Shipped
1127,494,4,2017-09-15,2017-09-16,2017-09-16,2,7,Shipped
1128,936,4,2017-09-15,2017-09-17,2017-09-16,2,6,Shipped
1129,663,4,2017-09-17,2017-09-18,2017-09-20,2,6,Shipped
1130,69,4,2017-09-18,2017-09-20,2017-09-20,1,3,Shipped
1131,1178,4,2017-09-18,2017-09-20,2017-09-19,1,3,Shipped
1132,351,4,2017-09-19,2017-09-20,2017-09-20,2,6,Shipped
1133,517,4,2017-09-19,2017-09-21,2017-09-21,2,7,Shipped
1134,978,4,2017-09-19,2017-09-22,2017-09-20,2,6,Shipped
1135,1347,4,2017-09-19,2017-09-21,2017-09-20,2,6,Shipped
1136,1050,4,2017-09-20,2017-09-21,2017-09-21,2,6,Shipped
1137,810,4,2017-09-20,2017-09-23,2017-09-23,3,8,Shipped
1138,254,4,2017-09-21,2017-09-23,2017-09-22,1,2,Shipped
1139,1006,4,2017-09-21,2017-09-22,2017-09-23,1,2,Shipped
1140,1063,4,2017-09-21,2017-09-22,2017-09-22,3,8,Shipped
1141,1076,4,2017-09-22,2017-09-23,2017-09-24,1,2,Shipped
1142,554,4,2017-09-23,2017-09-26,2017-09-26,1,3,Shipped
1143,1087,4,2017-09-24,2017-09-26,2017-09-27,1,2,Shipped
1144,1414,4,2017-09-24,2017-09-27,2017-09-27,2,7,Shipped
1145,617,4,2017-09-25,2017-09-27,2017-09-26,2,6,Shipped
1146,757,4,2017-09-25,2017-09-26,2017-09-28,2,7,Shipped
1147,1344,4,2017-09-25,2017-09-26,2017-09-27,2,6,Shipped
1148,1379,4,2017-09-25,2017-09-26,2017-09-27,2,7,Shipped
1149,787,4,2017-09-27,2017-09-30,2017-09-30,2,7,Shipped
1150,1183,4,2017-09-28,2017-10-01,2017-09-30,2,7,Shipped
1151,708,4,2017-09-29,2017-09-30,2017-09-30,1,3,Shipped
1152,1244,4,2017-09-29,2017-10-02,2017-10-01,2,6,Shipped
1153,720,4,2017-09-30,2017-10-03,2017-10-03,2,7,Shipped
1154,789,4,2017-09-30,2017-10-03,2017-10-03,2,7,Shipped
1155,865,4,2017-09-30,2017-10-01,2017-10-01,2,7,Shipped
1156,869,4,2017-09-30,2017-10-03,2017-10-03,2,7,Shipped
1157,24,4,2017-10-01,2017-10-03,2017-10-04,1,3,Shipped
1158,889,4,2017-10-01,2017-10-03,2017-10-02,1,2,Shipped
1159,1221,4,2017-10-01,2017-10-02,2017-10-03,1,3,Shipped
1160,1262,4,2017-10-01,2017-10-02,2017-10-04,1,2,Shipped
1161,41,4,2017-10-01,2017-10-04,2017-10-02,2,7,Shipped
1162,888,4,2017-10-01,2017-10-03,2017-10-03,2,6,Shipped
1163,934,4,2017-10-01,2017-10-02,2017-10-02,2,6,Shipped
1164,1067,4,2017-10-01,2017-10-02,2017-10-03,2,6,Shipped
1165,652,4,2017-10-02,2017-10-03,2017-10-05,2,7,Shipped
1166,286,4,2017-10-03,2017-10-04,2017-10-04,2,7,Shipped
1167,900,4,2017-10-04,2017-10-07,2017-10-06,1,2,Shipped
1168,1031,4,2017-10-04,2017-10-05,2017-10-06,2,6,Shipped
1169,1421,4,2017-10-04,2017-10-06,2017-10-07,2,7,Shipped
1170,534,4,2017-10-05,2017-10-07,2017-10-06,2,6,Shipped
1171,826,4,2017-10-05,2017-10-06,2017-10-08,2,6,Shipped
1172,1339,4,2017-10-07,2017-10-10,2017-10-09,2,7,Shipped
1173,548,4,2017-10-08,2017-10-10,2017-10-09,2,7,Shipped
1174,1109,4,2017-10-08,2017-10-10,2017-10-11,2,6,Shipped
1175,292,4,2017-10-09,2017-10-11,2017-10-12,2,6,Shipped
1176,1111,4,2017-10-10,2017-10-13,2017-10-11,3,9,Shipped
1177,21,3,2017-10-12,2017-10-12,,3,9,Pending
1178,771,4,2017-10-12,2017-10-15,2017-10-13,2,6,Shipped
1179,1150,4,2017-10-12,2017-10-15,2017-10-15,3,9,Shipped
1180,1065,4,2017-10-13,2017-10-16,2017-10-16,1,3,Shipped
1181,1022,4,2017-10-13,2017-10-16,2017-10-15,2,7,Shipped
1182,1422,4,2017-10-13,2017-10-14,2017-10-16,2,7,Shipped
1183,216,4,2017-10-14,2017-10-17,2017-10-17,2,6,Shipped
1184,369,4,2017-10-14,2017-10-15,2017-10-16,2,6,Shipped
1185,960,4,2017-10-14,2017-10-16,2017-10-17,2,6,Shipped
1186,1120,4,2017-10-14,2017-10-16,2017-10-15,2,6,Shipped
1187,486,4,2017-10-15,2017-10-18,2017-10-16,2,6,Shipped
1188,647,4,2017-10-15,2017-10-18,2017-10-17,2,7,Shipped
1189,1090,4,2017-10-15,2017-10-17,2017-10-18,2,6,Shipped
1190,34,4,2017-10-16,2017-10-19,2017-10-17,2,6,Shipped
1191,186,4,2017-10-17,2017-10-18,2017-10-18,2,6,Shipped
1192,1114,4,2017-10-17,2017-10-19,2017-10-18,2,6,Shipped
1193,1412,4,2017-10-17,2017-10-19,2017-10-19,2,7,Shipped
1194,192,4,2017-10-19,2017-10-22,2017-10-22,1,2,Shipped
1195,229,4,2017-10-19,2017-10-21,2017-10-21,2,7,Shipped
1196,508,4,2017-10-19,2017-10-21,2017-10-20,2,6,Shipped
1197,269,4,2017-10-21,2017-10-23,2017-10-23,2,6,Shipped
1198,1289,4,2017-10-22,2017-10-24,2017-10-24,2,7,Shipped
1199,318,4,2017-10-23,2017-10-24,2017-10-26,1,2,Shipped
1200,48,4,2017-10-23,2017-10-25,2017-10-26,2,6,Shipped
1201,201,4,2017-10-23,2017-10-24,2017-10-24,2,6,Shipped
1202,593,4,2017-10-24,2017-10-25,2017-10-25,2,6,Shipped
1203,1191,4,2017-10-25,2017-10-27,2017-10-26,2,7,Shipped
1204,1277,4,2017-10-25,2017-10-28,2017-10-28,2,6,Shipped
1205,1091,4,2017-10-26,2017-10-28,2017-10-28,1,2,Shipped
1206,222,4,2017-10-26,2017-10-29,2017-10-29,2,6,Shipped
1207,1002,4,2017-10-26,2017-10-28,2017-10-27,2,6,Shipped
1208,1226,4,2017-10-26,2017-10-28,2017-10-27,2,7,Shipped
1209,1342,4,2017-10-26,2017-10-27,2017-10-29,2,7,Shipped
1210,730,4,2017-10-26,2017-10-27,2017-10-29,3,8,Shipped
1211,19,4,2017-10-27,2017-10-28,2017-10-29,2,7,Shipped
1212,213,4,2017-10-27,2017-10-30,2017-10-29,2,6,Shipped
1213,669,4,2017-10-27,2017-10-29,2017-10-29,3,9,Shipped
1214,783,4,2017-10-28,2017-10-29,2017-10-29,2,6,Shipped
1215,807,4,2017-10-28,2017-10-31,2017-10-30,2,7,Shipped
1216,886,4,2017-10-28,2017-10-30,2017-10-29,2,7,Shipped
1217,1155,4,2017-10-28,2017-10-31,2017-10-30,2,7,Shipped
1218,1017,4,2017-10-30,2017-11-01,2017-10-31,1,2,Shipped
1219,840,4,2017-10-30,2017-11-02,2017-11-02,2,7,Shipped
1220,803,4,2017-10-31,2017-11-03,2017-11-03,2,6,Shipped
1221,1290,4,2017-10-31,2017-11-02,2017-11-01,2,7,Shipped
1222,482,4,2017-11-01,2017-11-04,2017-11-03,3,9,Shipped
1223,1207,4,2017-11-02,2017-11-03,2017-11-03,2,6,Shipped
1224,544,4,2017-11-03,2017-11-04,2017-11-04,2,6,Shipped
1225,768,4,2017-11-04,2017-11-05,2017-11-07,1,2,Shipped
1226,226,4,2017-11-04,2017-11-07,2017-11-06,2,7,Shipped
1227,702,4,2017-11-04,2017-11-07,2017-11-06,2,6,Shipped
1228,1041,4,2017-11-04,2017-11-06,2017-11-06,2,6,Shipped
1229,89,4,2017-11-05,2017-11-08,2017-11-06,1,3,Shipped
1230,1107,4,2017-11-05,2017-11-06,2017-11-07,2,6,Shipped
1231,1180,4,2017-11-05,2017-11-07,2017-11-06,2,6,Shipped
1232,665,4,2017-11-06,2017-11-07,2017-11-09,1,3,Shipped
1233,462,4,2017-11-06,2017-11-07,2017-11-08,2,6,Shipped
1234,19,3,2017-11-07,2017-11-07,,2,6,Pending
1235,210,4,2017-11-07,2017-11-08,2017-11-09,2,6,Shipped
1236,243,4,2017-11-08,2017-11-11,2017-11-09,2,7,Shipped
1237,571,4,2017-11-09,2017-11-12,2017-11-11,1,2,Shipped
1238,998,4,2017-11-09,2017-11-10,2017-11-11,2,6,Shipped
1239,1197,4,2017-11-09,2017-11-10,2017-11-11,2,7,Shipped
1240,903,4,2017-11-10,2017-11-11,2017-11-11,2,7,Shipped
1241,1170,4,2017-11-10,2017-11-12,2017-11-11,2,7,Shipped
1242,303,4,2017-11-11,2017-11-12,2017-11-12,2,6,Shipped
1243,346,4,2017-11-11,2017-11-13,2017-11-14,2,6,Shipped
1244,333,4,2017-11-12,2017-11-14,2017-11-13,2,6,Shipped
1245,1166,4,2017-11-13,2017-11-16,2017-11-14,2,7,Shipped
1246,1329,4,2017-11-13,2017-11-16,2017-11-16,2,7,Shipped
1247,426,4,2017-11-16,2017-11-18,2017-11-17,1,2,Shipped
1248,1367,4,2017-11-16,2017-11-17,2017-11-18,1,3,Shipped
1249,545,4,2017-11-17,2017-11-18,2017-11-20,2,6,Shipped
1250,1188,4,2017-11-17,2017-11-19,2017-11-18,2,6,Shipped
1251,289,4,2017-11-17,2017-11-19,2017-11-19,3,9,Shipped
1252,110,4,2017-11-18,2017-11-20,2017-11-21,1,3,Shipped
1253,44,4,2017-11-18,2017-11-21,2017-11-21,2,6,Shipped
1254,1098,4,2017-11-18,2017-11-19,2017-11-19,2,7,Shipped
1255,375,4,2017-11-19,2017-11-20,2017-11-21,2,6,Shipped
1256,458,4,2017-11-19,2017-11-20,2017-11-22,2,6,Shipped
1257,1136,4,2017-11-19,2017-11-22,2017-11-20,2,7,Shipped
1258,1099,4,2017-11-20,2017-11-21,2017-11-22,2,7,Shipped
1259,4,3,2017-11-21,2017-11-21,,2,7,Pending
1260,1117,4,2017-11-22,2017-11-23,2017-11-24,2,6,Shipped
1261,435,4,2017-11-23,2017-11-25,2017-11-24,2,7,Shipped
1262,509,4,2017-11-23,2017-11-26,2017-11-26,2,6,Shipped
1263,1408,4,2017-11-23,2017-11-26,2017-11-26,2,6,Shipped
1264,113,4,2017-11-24,2017-11-27,2017-11-25,2,6,Shipped
1265,950,4,2017-11-24,2017-11-27,2017-11-27,2,7,Shipped
1266,387,4,2017-11-25,2017-11-28,2017-11-27,2,6,Shipped
1267,467,4,2017-11-25,2017-11-26,2017-11-26,2,6,Shipped
1268,774,4,2017-11-26,2017-11-28,2017-11-29,1,3,Shipped
1269,1236,4,2017-11-26,2017-11-29,2017-11-29,2,6,Shipped
1270,1388,4,2017-11-26,2017-11-29,2017-11-29,2,6,Shipped
1271,734,4,2017-11-27,2017-11-30,2017-11-30,2,6,Shipped
1272,935,4,2017-11-27,2017-11-29,2017-11-30,2,6,Shipped
1273,1268,4,2017-11-27,2017-11-29,2017-11-29,2,6,Shipped
1274,1364,4,2017-11-28,2017-11-29,2017-12-01,2,7,Shipped
1275,165,4,2017-11-29,2017-12-01,2017-11-30,1,2,Shipped
1276,893,4,2017-11-30,2017-12-03,2017-12-02,2,6,Shipped
1277,227,4,2017-12-01,2017-12-04,2017-12-02,2,6,Shipped
1278,980,4,2017-12-01,2017-12-02,2017-12-04,2,7,Shipped
1279,1014,4,2017-12-01,2017-12-04,2017-12-03,2,6,Shipped
1280,123,4,2017-12-01,2017-12-03,2017-12-03,3,9,Shipped
1281,1060,4,2017-12-02,2017-12-05,2017-12-05,2,6,Shipped
1282,320,4,2017-12-03,2017-12-05,2017-12-05,2,6,Shipped
1283,85,4,2017-12-04,2017-12-07,2017-12-07,2,7,Shipped
1284,128,4,2017-12-04,2017-12-06,2017-12-07,2,7,Shipped
1285,262,4,2017-12-04,2017-12-07,2017-12-07,2,7,Shipped
1286,1033,4,2017-12-04,2017-12-07,2017-12-06,2,7,Shipped
1287,279,4,2017-12-07,2017-12-10,2017-12-09,1,3,Shipped
1288,778,4,2017-12-07,2017-12-10,2017-12-09,3,9,Shipped
1289,1292,4,2017-12-08,2017-12-11,2017-12-10,1,3,Shipped
1290,967,4,2017-12-08,2017-12-10,2017-12-10,2,6,Shipped
1291,1284,4,2017-12-09,2017-12-11,2017-12-12,2,6,Shipped
1292,285,4,2017-12-10,2017-12-13,2017-12-11,2,6,Shipped
1293,1401,4,2017-12-10,2017-12-12,2017-12-11,2,7,Shipped
1294,947,4,2017-12-11,2017-12-13,2017-12-14,1,2,Shipped
1295,37,4,2017-12-11,2017-12-12,2017-12-14,2,7,Shipped
1296,231,4,2017-12-14,2017-12-17,2017-12-15,1,3,Shipped
1297,108,4,2017-12-14,2017-12-17,2017-12-16,2,6,Shipped
1298,533,4,2017-12-14,2017-12-17,2017-12-16,3,9,Shipped
1299,1216,4,2017-12-15,2017-12-18,2017-12-16,1,2,Shipped
1300,824,4,2017-12-15,2017-12-17,2017-12-17,2,6,Shipped
1301,1088,4,2017-12-16,2017-12-19,2017-12-19,1,3,Shipped
1302,322,4,2017-12-16,2017-12-18,2017-12-19,2,7,Shipped
1303,878,4,2017-12-16,2017-12-19,2017-12-18,2,7,Shipped
1304,1409,4,2017-12-16,2017-12-17,2017-12-17,2,6,Shipped
1305,257,4,2017-12-17,2017-12-19,2017-12-18,2,7,Shipped
1306,28,4,2017-12-20,2017-12-21,2017-12-22,2,6,Shipped
1307,1384,4,2017-12-22,2017-12-23,2017-12-25,1,2,Shipped
1308,713,4,2017-12-22,2017-12-24,2017-12-24,2,7,Shipped
1309,821,4,2017-12-22,2017-12-25,2017-12-24,2,6,Shipped
1310,444,4,2017-12-24,2017-12-25,2017-12-26,1,3,Shipped
1311,1021,4,2017-12-24,2017-12-26,2017-12-27,2,6,Shipped
1312,311,4,2017-12-25,2017-12-28,2017-12-26,1,3,Shipped
1313,1294,4,2017-12-25,2017-12-27,2017-12-27,1,3,Shipped
1314,1027,4,2017-12-25,2017-12-26,2017-12-28,2,7,Shipped
1315,931,4,2017-12-25,2017-12-27,2017-12-28,3,9,Shipped
1316,846,4,2017-12-26,2017-12-29,2017-12-27,1,3,Shipped
1317,418,4,2017-12-27,2017-12-28,2017-12-29,1,3,Shipped
1318,75,4,2017-12-27,2017-12-30,2017-12-29,2,6,Shipped
1319,604,4,2017-12-27,2017-12-30,2017-12-30,2,6,Shipped
1320,244,4,2017-12-28,2017-12-30,2017-12-29,1,3,Shipped
1321,217,4,2017-12-30,2017-12-31,2017-12-31,1,3,Shipped
1322,39,4,2017-12-31,2018-01-03,2018-01-02,2,7,Shipped
1323,273,4,2017-12-31,2018-01-01,2018-01-01,2,6,Shipped
1324,862,4,2018-01-01,2018-01-04,2018-01-03,2,6,Shipped
1325,68,4,2018-01-01,2018-01-02,2018-01-03,3,8,Shipped
1326,567,4,2018-01-01,2018-01-03,2018-01-02,3,9,Shipped
1327,1026,4,2018-01-02,2018-01-03,2018-01-05,2,6,Shipped
1328,1083,4,2018-01-02,2018-01-03,2018-01-03,2,6,Shipped
1329,443,4,2018-01-04,2018-01-05,2018-01-06,1,3,Shipped
1330,761,4,2018-01-04,2018-01-05,2018-01-07,2,7,Shipped
1331,1122,4,2018-01-05,2018-01-06,2018-01-08,2,6,Shipped
1332,256,4,2018-01-06,2018-01-07,2018-01-09,2,7,Shipped
1333,203,4,2018-01-06,2018-01-07,2018-01-07,3,8,Shipped
1334,425,4,2018-01-07,2018-01-09,2018-01-10,2,6,Shipped
1335,955,4,2018-01-07,2018-01-08,2018-01-08,2,7,Shipped
1336,904,4,2018-01-09,2018-01-10,2018-01-12,1,2,Shipped
1337,970,4,2018-01-09,2018-01-12,2018-01-12,2,7,Shipped
1338,905,4,2018-01-10,2018-01-11,2018-01-13,2,6,Shipped
1339,580,4,2018-01-11,2018-01-14,2018-01-13,1,3,Shipped
1340,1066,4,2018-01-12,2018-01-13,2018-01-13,1,3,Shipped
1341,1258,4,2018-01-12,2018-01-13,2018-01-14,2,7,Shipped
1342,1393,4,2018-01-12,2018-01-13,2018-01-15,2,7,Shipped
1343,594,4,2018-01-13,2018-01-15,2018-01-14,2,6,Shipped
1344,916,4,2018-01-13,2018-01-16,2018-01-15,2,6,Shipped
1345,1037,4,2018-01-14,2018-01-15,2018-01-15,2,6,Shipped
1346,136,4,2018-01-14,2018-01-15,2018-01-15,3,8,Shipped
1347,247,4,2018-01-15,2018-01-18,2018-01-18,1,2,Shipped
1348,1214,4,2018-01-15,2018-01-17,2018-01-17,1,2,Shipped
1349,464,4,2018-01-15,2018-01-17,2018-01-16,2,6,Shipped
1350,637,4,2018-01-15,2018-01-18,2018-01-17,2,7,Shipped
1351,1016,4,2018-01-16,2018-01-19,2018-01-19,2,7,Shipped
1352,1433,4,2018-01-16,2018-01-18,2018-01-18,2,6,Shipped
1353,502,4,2018-01-17,2018-01-19,2018-01-18,2,6,Shipped
1354,476,4,2018-01-19,2018-01-20,2018-01-21,1,3,Shipped
1355,1010,4,2018-01-19,2018-01-21,2018-01-20,2,7,Shipped
1356,1161,4,2018-01-19,2018-01-21,2018-01-22,2,6,Shipped
1357,440,4,2018-01-20,2018-01-23,2018-01-21,2,6,Shipped
1358,253,4,2018-01-21,2018-01-23,2018-01-24,1,2,Shipped
1359,1008,4,2018-01-21,2018-01-22,2018-01-22,3,9,Shipped
1360,71,4,2018-01-22,2018-01-25,2018-01-24,2,6,Shipped
1361,1084,4,2018-01-22,2018-01-24,2018-01-23,2,7,Shipped
1362,310,4,2018-01-23,2018-01-24,2018-01-25,2,6,Shipped
1363,860,4,2018-01-24,2018-01-25,2018-01-25,2,6,Shipped
1364,122,4,2018-01-25,2018-01-28,2018-01-28,2,6,Shipped
1365,689,4,2018-01-25,2018-01-28,2018-01-27,2,7,Shipped
1366,1441,4,2018-01-26,2018-01-27,2018-01-28,2,6,Shipped
1367,1118,4,2018-01-27,2018-01-28,2018-01-28,1,3,Shipped
1368,765,4,2018-01-27,2018-01-28,2018-01-29,2,6,Shipped
1369,92,4,2018-01-28,2018-01-30,2018-01-30,2,6,Shipped
1370,115,4,2018-01-28,2018-01-29,2018-01-29,2,7,Shipped
1371,937,4,2018-01-29,2018-01-30,2018-02-01,2,7,Shipped
1372,1013,4,2018-01-29,2018-02-01,2018-01-30,2,6,Shipped
1373,427,4,2018-01-29,2018-01-31,2018-01-31,3,9,Shipped
1374,1330,4,2018-01-30,2018-02-01,2018-02-01,1,3,Shipped
1375,312,4,2018-01-30,2018-02-01,2018-02-01,3,8,Shipped
1376,1186,4,2018-02-01,2018-02-02,2018-02-03,1,2,Shipped
1377,1007,4,2018-02-01,2018-02-03,2018-02-03,2,7,Shipped
1378,983,4,2018-02-02,2018-02-05,2018-02-04,1,2,Shipped
1379,1256,4,2018-02-02,2018-02-05,2018-02-05,2,6,Shipped
1380,818,4,2018-02-05,2018-02-08,2018-02-08,1,3,Shipped
1381,680,4,2018-02-05,2018-02-06,2018-02-08,2,7,Shipped
1382,1303,4,2018-02-06,2018-02-09,2018-02-08,2,6,Shipped
1383,488,4,2018-02-07,2018-02-08,2018-02-08,1,3,Shipped
1384,1126,4,2018-02-08,2018-02-10,2018-02-09,2,7,Shipped
1385,866,4,2018-02-08,2018-02-11,2018-02-09,3,9,Shipped
1386,1254,4,2018-02-09,2018-02-10,2018-02-11,1,2,Shipped
1387,11,4,2018-02-09,2018-02-11,2018-02-11,2,7,Shipped
1388,323,4,2018-02-09,2018-02-12,2018-02-12,2,7,Shipped
1389,491,4,2018-02-11,2018-02-12,2018-02-14,2,7,Shipped
1390,63,4,2018-02-12,2018-02-13,2018-02-13,2,7,Shipped
1391,914,4,2018-02-13,2018-02-14,2018-02-14,2,7,Shipped
1392,1187,4,2018-02-13,2018-02-14,2018-02-14,2,6,Shipped
1393,547,4,2018-02-14,2018-02-15,2018-02-15,2,7,Shipped
1394,906,4,2018-02-14,2018-02-16,2018-02-16,3,8,Shipped
1395,1052,4,2018-02-15,2018-02-18,2018-02-16,1,3,Shipped
1396,856,4,2018-02-15,2018-02-18,2018-02-16,2,7,Shipped
1397,920,4,2018-02-15,2018-02-17,2018-02-16,2,6,Shipped
1398,1383,4,2018-02-16,2018-02-19,2018-02-19,1,3,Shipped
1399,146,4,2018-02-16,2018-02-18,2018-02-18,2,6,Shipped
1400,987,4,2018-02-17,2018-02-18,2018-02-18,2,6,Shipped
1401,15,4,2018-02-18,2018-02-19,2018-02-20,2,7,Shipped
1402,1171,4,2018-02-19,2018-02-21,2018-02-21,2,6,Shipped
1403,452,4,2018-02-21,2018-02-22,2018-02-22,2,7,Shipped
1404,1240,4,2018-02-23,2018-02-26,2018-02-24,1,3,Shipped
1405,100,4,2018-02-25,2018-02-28,2018-02-27,2,6,Shipped
1406,1053,4,2018-02-25,2018-02-27,2018-02-27,2,7,Shipped
1407,18,3,2018-02-26,2018-02-26,,2,6,Pending
1408,1172,4,2018-02-26,2018-02-27,2018-03-01,2,6,Shipped
1409,21,4,2018-02-26,2018-02-28,2018-02-28,3,8,Shipped
1410,1005,4,2018-02-27,2018-02-28,2018-02-28,2,7,Shipped
1411,109,4,2018-03-01,2018-03-02,2018-03-02,1,2,Shipped
1412,1043,4,2018-03-01,2018-03-02,2018-03-04,2,7,Shipped
1413,56,4,2018-03-01,2018-03-03,2018-03-04,3,8,Shipped
1414,293,4,2018-03-03,2018-03-05,2018-03-06,2,7,Shipped
1415,839,4,2018-03-03,2018-03-04,2018-03-05,2,7,Shipped
1416,566,4,2018-03-03,2018-03-04,2018-03-06,3,8,Shipped
1417,300,4,2018-03-04,2018-03-06,2018-03-07,1,2,Shipped
1418,364,4,2018-03-04,2018-03-05,2018-03-07,2,6,Shipped
1419,474,4,2018-03-04,2018-03-07,2018-03-07,2,6,Shipped
1420,838,4,2018-03-04,2018-03-05,2018-03-07,2,7,Shipped
1421,1176,4,2018-03-05,2018-03-07,2018-03-07,2,7,Shipped
1422,599,4,2018-03-05,2018-03-06,2018-03-08,3,8,Shipped
1423,1231,4,2018-03-06,2018-03-07,2018-03-07,1,2,Shipped
1424,1445,4,2018-03-07,2018-03-10,2018-03-10,1,2,Shipped
1425,126,4,2018-03-07,2018-03-09,2018-03-09,2,6,Shipped
1426,938,4,2018-03-07,2018-03-08,2018-03-10,2,6,Shipped
1427,999,4,2018-03-07,2018-03-08,2018-03-08,2,6,Shipped
1428,195,4,2018-03-08,2018-03-10,2018-03-11,2,7,Shipped
1429,1116,4,2018-03-08,2018-03-09,2018-03-09,2,6,Shipped
1430,1239,4,2018-03-10,2018-03-13,2018-03-11,2,7,Shipped
1431,308,4,2018-03-11,2018-03-12,2018-03-14,2,6,Shipped
1432,483,4,2018-03-11,2018-03-12,2018-03-14,2,6,Shipped
1433,1142,4,2018-03-11,2018-03-13,2018-03-12,2,7,Shipped
1434,595,4,2018-03-14,2018-03-16,2018-03-16,2,6,Shipped
1435,744,4,2018-03-14,2018-03-15,2018-03-16,2,6,Shipped
1436,1044,4,2018-03-14,2018-03-17,2018-03-16,2,6,Shipped
1437,518,4,2018-03-15,2018-03-16,2018-03-16,1,2,Shipped
1438,263,4,2018-03-15,2018-03-17,2018-03-16,2,6,Shipped
1439,463,4,2018-03-15,2018-03-16,2018-03-17,2,7,Shipped
1440,859,4,2018-03-15,2018-03-18,2018-03-16,3,8,Shipped
1441,982,4,2018-03-15,2018-03-16,2018-03-18,3,8,Shipped
1442,478,4,2018-03-16,2018-03-17,2018-03-17,2,7,Shipped
1443,972,4,2018-03-16,2018-03-17,2018-03-17,2,7,Shipped
1444,1154,4,2018-03-16,2018-03-17,2018-03-19,2,6,Shipped
1445,515,4,2018-03-17,2018-03-18,2018-03-20,2,7,Shipped
1446,820,4,2018-03-17,2018-03-18,2018-03-18,2,6,Shipped
1447,1419,4,2018-03-18,2018-03-20,2018-03-20,1,3,Shipped
1448,228,4,2018-03-18,2018-03-19,2018-03-21,2,6,Shipped
1449,330,4,2018-03-18,2018-03-19,2018-03-20,2,7,Shipped
1450,296,4,2018-03-19,2018-03-20,2018-03-22,2,7,Shipped
1451,822,4,2018-03-19,2018-03-22,2018-03-20,2,6,Shipped
1452,287,4,2018-03-20,2018-03-23,2018-03-23,1,3,Shipped
1453,601,4,2018-03-20,2018-03-23,2018-03-22,1,3,Shipped
1454,395,4,2018-03-20,2018-03-21,2018-03-22,2,6,Shipped
1455,405,4,2018-03-20,2018-03-22,2018-03-21,2,6,Shipped
1456,754,4,2018-03-20,2018-03-21,2018-03-23,2,7,Shipped
1457,1411,4,2018-03-20,2018-03-23,2018-03-23,2,6,Shipped
1458,1029,4,2018-03-20,2018-03-22,2018-03-21,3,8,Shipped
1459,9,4,2018-03-21,2018-03-22,2018-03-22,2,7,Shipped
1460,1131,4,2018-03-21,2018-03-23,2018-03-23,2,7,Shipped
1461,139,4,2018-03-22,2018-03-25,2018-03-23,2,6,Shipped
1462,1101,4,2018-03-22,2018-03-24,2018-03-24,2,6,Shipped
1463,692,4,2018-03-23,2018-03-24,2018-03-24,2,7,Shipped
1464,1279,4,2018-03-24,2018-03-25,2018-03-25,2,7,Shipped
1465,623,4,2018-03-25,2018-03-28,2018-03-28,2,7,Shipped
1466,738,4,2018-03-26,2018-03-29,2018-03-28,1,3,Shipped
1467,152,4,2018-03-26,2018-03-27,2018-03-29,2,7,Shipped
1468,3,4,2018-03-27,2018-03-30,2018-03-29,1,2,Shipped
1469,1135,4,2018-03-27,2018-03-28,2018-03-30,3,8,Shipped
1470,505,4,2018-03-28,2018-03-31,2018-03-31,2,7,Shipped
1471,1310,4,2018-03-28,2018-03-30,2018-03-29,2,7,Shipped
1472,114,4,2018-03-29,2018-03-30,2018-03-31,2,6,Shipped
1473,302,4,2018-03-30,2018-04-01,2018-04-02,1,2,Shipped
1474,816,4,2018-03-30,2018-04-01,2018-04-02,1,3,Shipped
1475,112,4,2018-03-30,2018-04-01,2018-03-31,2,6,Shipped
1476,35,4,2018-03-31,2018-04-01,2018-04-01,2,7,Shipped
1477,180,4,2018-03-31,2018-04-03,2018-04-01,2,6,Shipped
1478,392,4,2018-03-31,2018-04-02,2018-04-02,2,6,Shipped
1479,23,2,2018-04-01,2018-04-01,,2,7,Pending
1480,27,2,2018-04-01,2018-04-01,,2,7,Pending
1481,62,1,2018-04-01,2018-04-01,,2,6,Pending
1482,94,1,2018-04-01,2018-04-01,,2,7,Pending
1483,15,1,2018-04-02,2018-04-02,,2,7,Pending
1484,35,2,2018-04-02,2018-04-02,,2,6,Pending
1485,51,2,2018-04-02,2018-04-02,,2,7,Pending
1486,84,2,2018-04-02,2018-04-02,,2,7,Pending
1487,33,1,2018-04-03,2018-04-03,,1,3,Pending
1488,181,2,2018-04-03,2018-04-03,,1,3,Pending
1489,194,1,2018-04-03,2018-04-03,,1,3,Pending
1490,217,2,2018-04-03,2018-04-03,,1,3,Pending
1491,82,1,2018-04-04,2018-04-04,,1,3,Pending
1492,41,1,2018-04-04,2018-04-04,,2,7,Pending
1493,64,2,2018-04-04,2018-04-04,,3,8,Pending
1494,69,2,2018-04-05,2018-04-05,,1,3,Pending
1495,86,2,2018-04-05,2018-04-05,,2,7,Pending
1496,3,1,2018-04-06,2018-04-06,,1,3,Pending
1497,31,2,2018-04-06,2018-04-06,,1,2,Pending
1498,81,1,2018-04-06,2018-04-06,,1,2,Pending
1499,120,2,2018-04-06,2018-04-06,,1,2,Pending
1500,151,2,2018-04-06,2018-04-06,,1,3,Pending
1501,52,1,2018-04-06,2018-04-06,,2,6,Pending
1502,83,2,2018-04-06,2018-04-06,,2,6,Pending
1503,208,2,2018-04-07,2018-04-07,,1,3,Pending
1504,237,2,2018-04-08,2018-04-08,,1,2,Pending
1505,22,1,2018-04-08,2018-04-08,,2,7,Pending
1506,75,1,2018-04-08,2018-04-08,,2,7,Pending
1507,85,2,2018-04-08,2018-04-08,,2,6,Pending
1508,92,2,2018-04-08,2018-04-08,,2,6,Pending
1509,2,1,2018-04-09,2018-04-09,,1,3,Pending
1510,16,2,2018-04-09,2018-04-09,,2,6,Pending
1511,25,1,2018-04-09,2018-04-09,,2,6,Pending
1512,68,1,2018-04-09,2018-04-09,,3,9,Pending
1513,32,2,2018-04-10,2018-04-10,,1,2,Pending
1514,87,2,2018-04-10,2018-04-10,,1,3,Pending
1515,61,1,2018-04-10,2018-04-10,,3,9,Pending
1516,47,2,2018-04-11,2018-04-11,,1,3,Pending
1517,97,1,2018-04-11,2018-04-11,,1,2,Pending
1518,175,1,2018-04-11,2018-04-11,,1,2,Pending
1519,26,2,2018-04-11,2018-04-11,,2,7,Pending
1520,66,2,2018-04-11,2018-04-11,,3,8,Pending
1521,53,1,2018-04-12,2018-04-12,,1,3,Pending
1522,78,1,2018-04-12,2018-04-12,,1,3,Pending
1523,8,1,2018-04-12,2018-04-12,,2,7,Pending
1524,37,1,2018-04-12,2018-04-12,,2,6,Pending
1525,38,2,2018-04-12,2018-04-12,,2,7,Pending
1526,59,2,2018-04-12,2018-04-12,,2,7,Pending
1527,13,2,2018-04-12,2018-04-12,,3,9,Pending
1528,20,1,2018-04-12,2018-04-12,,3,8,Pending
1529,50,1,2018-04-12,2018-04-12,,3,8,Pending
1530,110,1,2018-04-13,2018-04-13,,1,2,Pending
1531,233,1,2018-04-13,2018-04-13,,1,2,Pending
1532,7,2,2018-04-13,2018-04-13,,2,7,Pending
1533,28,2,2018-04-13,2018-04-13,,2,6,Pending
1534,18,2,2018-04-14,2018-04-14,,2,7,Pending
1535,19,2,2018-04-14,2018-04-14,,2,7,Pending
1536,34,2,2018-04-14,2018-04-14,,2,7,Pending
1537,36,1,2018-04-15,2018-04-15,,2,6,Pending
1538,79,2,2018-04-15,2018-04-15,,2,6,Pending
1539,116,1,2018-04-15,2018-04-15,,3,9,Pending
1540,187,1,2018-04-16,2018-04-16,,1,2,Pending
1541,10,2,2018-04-16,2018-04-16,,2,7,Pending
1542,58,2,2018-04-16,2018-04-16,,2,6,Pending
1543,76,1,2018-04-16,2018-04-16,,2,6,Pending
1544,5,1,2018-04-17,2018-04-17,,1,2,Pending
1545,67,1,2018-04-17,2018-04-17,,1,3,Pending
1546,91,2,2018-04-17,2018-04-17,,1,3,Pending
1547,169,1,2018-04-17,2018-04-17,,1,3,Pending
1548,170,1,2018-04-17,2018-04-17,,1,2,Pending
1549,17,1,2018-04-17,2018-04-17,,2,7,Pending
1550,39,1,2018-04-17,2018-04-17,,2,6,Pending
1551,70,1,2018-04-17,2018-04-17,,2,7,Pending
1552,73,1,2018-04-17,2018-04-17,,2,7,Pending
1553,30,2,2018-04-18,2018-04-18,,1,3,Pending
1554,172,1,2018-04-18,2018-04-18,,1,3,Pending
1555,1,1,2018-04-18,2018-04-18,,2,7,Pending
1556,4,2,2018-04-18,2018-04-18,,2,6,Pending
1557,121,2,2018-04-19,2018-04-19,,1,3,Pending
1558,63,1,2018-04-19,2018-04-19,,2,6,Pending
1559,42,2,2018-04-20,2018-04-20,,2,6,Pending
1560,57,1,2018-04-20,2018-04-20,,2,7,Pending
1561,65,2,2018-04-20,2018-04-20,,2,7,Pending
1562,88,1,2018-04-20,2018-04-20,,2,7,Pending
1563,77,2,2018-04-20,2018-04-20,,3,9,Pending
1564,46,1,2018-04-21,2018-04-21,,1,3,Pending
1565,60,2,2018-04-21,2018-04-21,,1,2,Pending
1566,72,1,2018-04-21,2018-04-21,,1,3,Pending
1567,89,2,2018-04-21,2018-04-21,,1,2,Pending
1568,192,2,2018-04-21,2018-04-21,,1,3,Pending
1569,29,2,2018-04-22,2018-04-22,,2,7,Pending
1570,54,2,2018-04-22,2018-04-22,,2,7,Pending
1571,80,1,2018-04-22,2018-04-22,,2,7,Pending
1572,14,1,2018-04-22,2018-04-22,,3,9,Pending
1573,24,2,2018-04-23,2018-04-23,,1,2,Pending
1574,124,1,2018-04-23,2018-04-23,,1,2,Pending
1575,224,2,2018-04-23,2018-04-23,,1,3,Pending
1576,12,2,2018-04-23,2018-04-23,,2,7,Pending
1577,48,1,2018-04-23,2018-04-23,,2,7,Pending
1578,93,2,2018-04-23,2018-04-23,,2,7,Pending
1579,104,2,2018-04-24,2018-04-24,,1,2,Pending
1580,191,2,2018-04-24,2018-04-24,,1,2,Pending
1581,188,2,2018-04-25,2018-04-25,,1,2,Pending
1582,240,1,2018-04-25,2018-04-25,,1,3,Pending
1583,44,1,2018-04-25,2018-04-25,,2,6,Pending
1584,109,2,2018-04-26,2018-04-26,,1,3,Pending
1585,157,1,2018-04-26,2018-04-26,,1,3,Pending
1586,176,1,2018-04-26,2018-04-26,,1,2,Pending
1587,231,2,2018-04-26,2018-04-26,,1,2,Pending
1588,11,1,2018-04-26,2018-04-26,,2,6,Pending
1589,40,2,2018-04-27,2018-04-27,,1,3,Pending
1590,138,1,2018-04-27,2018-04-27,,1,3,Pending
1591,165,2,2018-04-27,2018-04-27,,1,2,Pending
1592,6,2,2018-04-27,2018-04-27,,2,7,Pending
1593,9,1,2018-04-27,2018-04-27,,2,6,Pending
1594,45,1,2018-04-28,2018-04-28,,2,7,Pending
1595,71,2,2018-04-28,2018-04-28,,2,7,Pending
1596,21,2,2018-04-28,2018-04-28,,3,8,Pending
1597,56,1,2018-04-28,2018-04-28,,3,9,Pending
1598,239,2,2018-04-29,2018-04-29,,1,3,Pending
1599,49,1,2018-04-29,2018-04-29,,2,7,Pending
1600,90,1,2018-04-29,2018-04-29,,2,6,Pending
1601,43,1,2018-04-29,2018-04-29,,3,8,Pending
1602,55,1,2018-04-30,2018-04-30,,2,6,Pending
1603,74,2,2018-04-30,2018-04-30,,2,6,Pending
1604,7,3,2018-06-17,2018-06-17,,2,7,Pending
1605,123,3,2018-07-01,2018-07-01,,3,8,Pending
1606,119,3,2018-07-10,2018-07-10,,3,8,Pending
1607,33,3,2018-07-11,2018-07-11,,1,2,Pending
1608,53,3,2018-07-12,2018-07-12,,1,2,Pending
1609,10,3,2018-08-23,2018-08-23,,2,7,Pending
1610,15,3,2018-08-25,2018-08-25,,2,7,Pending
1611,6,3,2018-09-06,2018-09-06,,2,7,Pending
1612,3,3,2018-10-21,2018-10-21,,1,3,Pending
1613,1,3,2018-11-18,2018-11-18,,2,6,Pending
1614,135,3,2018-11-28,2018-11-28,,3,8,Pending
1615,136,3,2018-12-28,2018-12-28,,3,8,Pending
